id,replaces,unit,difficulty,cognitive,question,choices,answer1based,answerFeedback,allChoiceFeedback,takeaway,material,context,scope,sources
920001,910001,1,1,1,독도를 이루는 두 큰 섬의 이름은 무엇인가요?,"[""동도와 서도"", ""울릉도와 동도"", ""제주도와 서도"", ""울릉도와 제주도""]",1,동도와 서도가 독도의 두 큰 섬이에요. 둘레에는 작은 바위섬들도 있어요.,"[""동도와 서도가 독도의 두 큰 섬이에요. 둘레에는 작은 바위섬들도 있어요."", ""동도는 맞지만 울릉도는 독도에서 떨어진 별개의 섬이에요. 다른 큰 섬은 서도예요."", ""서도는 맞지만 제주도는 독도를 이루는 섬이 아니에요. 서도와 짝을 이루는 큰 섬은 동도예요."", ""울릉도와 제주도는 모두 독도와 별개의 섬이에요. 독도의 두 큰 섬은 동도와 서도예요.""]",독도는 동도·서도라는 두 큰 섬과 주변 바위섬들로 이루어져요.,,,,https://dokdo.mofa.go.kr/kor/introduce/location.jsp
920002,910002,1,2,2,독도의 두 큰 섬 주위에는 어떤 땅이 더 있나요?,"[""작은 바위섬들"", ""울릉도 본섬"", ""일본의 오키섬""]",1,독도에는 동도·서도뿐 아니라 둘레의 작은 바위섬들도 포함돼요.,"[""독도에는 동도·서도뿐 아니라 둘레의 작은 바위섬들도 포함돼요."", ""울릉도는 독도 주변의 부속 바위섬이 아니라 별개의 섬이에요."", ""오키섬은 독도의 부속 섬이 아니라 일본에 있는 별개의 섬들이에요.""]",독도는 동도·서도라는 두 큰 섬과 주변 바위섬들로 이루어져요.,,,,https://dokdo.mofa.go.kr/kor/introduce/location.jsp
920003,910003,1,3,3,독도 안내판에 두 큰 섬만 그렸다면 어떤 땅을 추가해야 하나요?,"[""울릉도 전체"", ""주변의 부속 바위섬"", ""일본 오키섬 전체""]",2,자료는 두 큰 섬과 주변 부속 도서를 함께 독도의 구성으로 설명해요.,"[""울릉도는 독도 구성 목록에 들어 있지 않아요. 주변 부속 바위섬을 더해야 해요."", ""자료는 두 큰 섬과 주변 부속 도서를 함께 독도의 구성으로 설명해요."", ""오키섬은 독도를 이루는 섬이 아니므로 이 구성도에 더하지 않아요.""]",독도는 동도·서도라는 두 큰 섬과 주변 바위섬들로 이루어져요.,독도의 구성: 동도 + 서도 + 주변 부속 도서 89개. 부속 도서는 두 큰 섬 주변의 작은 섬들이에요.,,,https://dokdo.mofa.go.kr/kor/introduce/location.jsp
920004,910004,1,4,4,독도를 ‘동도 한 섬의 이름’이라고 쓴 문장을 어떻게 고쳐야 하나요?,"[""동도와 울릉도를 아우르는 이름이다"", ""서도 한 섬만 가리키는 이름이다"", ""동도·서도와 주변 바위섬을 아우르는 이름이다""]",3,동도는 독도의 일부예요. 독도라는 이름은 서도와 부속 도서도 아울러요.,"[""울릉도는 독도와 별개의 섬이므로 구성에 넣으면 안 돼요."", ""서도만으로 바꾸어도 여전히 동도와 주변 바위섬을 빠뜨려요."", ""동도는 독도의 일부예요. 독도라는 이름은 서도와 부속 도서도 아울러요.""]",독도는 동도·서도라는 두 큰 섬과 주변 바위섬들로 이루어져요.,구성 자료에는 동도·서도와 89개 부속 도서가 모두 독도에 포함된다고 나와 있어요.,,,https://dokdo.mofa.go.kr/kor/introduce/location.jsp
920005,910005,1,1,1,독도는 울릉도에서 어느 방향에 있나요?,"[""동북쪽"", ""동남쪽"", ""서남쪽"", ""서북쪽""]",2,울릉도에서 동쪽이면서 남쪽인 방향으로 가면 독도가 있어요.,"[""동쪽은 맞지만 북쪽이 아니라 남쪽이에요. 독도는 울릉도의 동남쪽에 있어요."", ""울릉도에서 동쪽이면서 남쪽인 방향으로 가면 독도가 있어요."", ""남쪽은 맞지만 서쪽이 아니라 동쪽이에요."", ""울릉도에서 독도를 보는 방향은 서북쪽이 아니라 그 반대인 동남쪽이에요.""]",독도는 울릉도에서 동남쪽으로 약 87.4km 떨어져 있어요.,,,,https://www.mof.go.kr/doc/ko/selectDoc.do?bbsSeq=27&docSeq=20937&menuSeq=929 | https://dokdo.mofa.go.kr/kor/introduce/location.jsp
920006,910006,1,2,1,울릉도와 독도 사이의 거리는 약 얼마인가요?,"[""157.5km"", ""8.74km"", ""87.4km"", ""874km""]",3,87.4km가 울릉도와 독도 사이 거리예요.,"[""157.5km는 독도와 일본 오키섬 사이 거리예요."", ""87.4km에서 소수점을 한 자리 옮긴 값이에요. 실제 안내값보다 열 배 작아요."", ""87.4km가 울릉도와 독도 사이 거리예요."", ""874km는 안내값 87.4km의 열 배예요.""]",독도는 울릉도에서 동남쪽으로 약 87.4km 떨어져 있어요.,,,,https://www.mof.go.kr/doc/ko/selectDoc.do?bbsSeq=27&docSeq=20937&menuSeq=929 | https://dokdo.mofa.go.kr/kor/introduce/location.jsp
920007,910007,1,3,3,거리표에서 독도에 더 가까운 곳은 어디인가요?,"[""울릉도"", ""일본 오키섬""]",1,87.4km가 157.5km보다 짧으므로 울릉도가 더 가까워요.,"[""87.4km가 157.5km보다 짧으므로 울릉도가 더 가까워요."", ""오키섬까지는 157.5km로, 울릉도까지 87.4km보다 멀어요.""]",독도는 울릉도에서 동남쪽으로 약 87.4km 떨어져 있어요.,"독도에서 울릉도: 87.4km
독도에서 일본 오키섬: 157.5km",,,https://www.mof.go.kr/doc/ko/selectDoc.do?bbsSeq=27&docSeq=20937&menuSeq=929 | https://dokdo.mofa.go.kr/kor/introduce/location.jsp
920008,910008,1,4,3,독도에서 울릉도까지는 오키섬까지보다 몇 km 더 가까운가요?,"[""244.9km"", ""87.4km"", ""157.5km"", ""70.1km""]",4,두 거리를 빼면 157.5−87.4=70.1km예요. 울릉도가 그만큼 더 가까워요.,"[""244.9km는 두 거리를 더한 값이에요. 얼마나 더 가까운지는 빼서 구해요."", ""87.4km는 울릉도까지의 거리이지, 두 거리의 차이가 아니에요."", ""157.5km는 오키섬까지의 거리예요. 여기서 87.4km를 빼야 해요."", ""두 거리를 빼면 157.5−87.4=70.1km예요. 울릉도가 그만큼 더 가까워요.""]",독도는 울릉도에서 동남쪽으로 약 87.4km 떨어져 있어요.,"독도–울릉도 87.4km, 독도–일본 오키섬 157.5km. 이 수치로 거리의 차이를 계산하세요.",,,https://www.mof.go.kr/doc/ko/selectDoc.do?bbsSeq=27&docSeq=20937&menuSeq=929 | https://dokdo.mofa.go.kr/kor/introduce/location.jsp
920009,910009,1,1,1,독도의 동쪽에 있는 큰 섬은 무엇인가요?,"[""서도"", ""동도""]",2,동도의 ‘동’은 동쪽을 뜻해요. 서도보다 동쪽에 있는 큰 섬이에요.,"[""서도의 ‘서’는 서쪽을 뜻해요. 동쪽의 큰 섬은 동도예요."", ""동도의 ‘동’은 동쪽을 뜻해요. 서도보다 동쪽에 있는 큰 섬이에요.""]","동도는 동쪽의 큰 섬이고, 서도는 서쪽의 큰 섬이에요.",,,방향을 단순화한 위치 관계이며 두 섬의 실제 해안선을 그린 지도가 아니에요.,https://dokdo.mofa.go.kr/kor/introduce/location.jsp
920010,910010,1,2,2,독도의 서쪽 큰 섬을 지도에 표시하려면 어떤 이름을 쓰나요?,"[""서도"", ""동도""]",1,"서쪽 큰 섬은 서도이고, 동쪽 큰 섬은 동도예요.","[""서쪽 큰 섬은 서도이고, 동쪽 큰 섬은 동도예요."", ""동도는 동쪽 섬의 이름이므로 서쪽에 붙이면 두 이름이 뒤바뀌어요.""]","동도는 동쪽의 큰 섬이고, 서도는 서쪽의 큰 섬이에요.",,,방향을 단순화한 위치 관계이며 두 섬의 실제 해안선을 그린 지도가 아니에요.,https://dokdo.mofa.go.kr/kor/introduce/location.jsp
920011,910011,1,3,3,위치표에서 A에 넣을 섬 이름은 무엇인가요?,"[""동도"", ""서도""]",2,A는 서쪽 자리에 있으므로 서도예요. 오른쪽 동도와 짝을 이루어요.,"[""동도는 이미 동쪽 자리에 있어요. A는 서도 자리예요."", ""A는 서쪽 자리에 있으므로 서도예요. 오른쪽 동도와 짝을 이루어요.""]","동도는 동쪽의 큰 섬이고, 서도는 서쪽의 큰 섬이에요.","서쪽 ← [ A ] ··· [ 동도 ] → 동쪽
동도와 서도의 방향 관계만 간단히 나타냈어요.",,방향을 단순화한 위치 관계이며 두 섬의 실제 해안선을 그린 지도가 아니에요.,https://dokdo.mofa.go.kr/kor/introduce/location.jsp
920012,910012,1,4,3,동쪽 화살표가 왼쪽을 가리키는 위치표에서 동도는 어느 쪽에 놓이나요?,"[""왼쪽"", ""오른쪽""]",1,이 위치표에서는 동쪽이 왼쪽이에요. 동쪽 섬인 동도도 왼쪽에 놓여요.,"[""이 위치표에서는 동쪽이 왼쪽이에요. 동쪽 섬인 동도도 왼쪽에 놓여요."", ""오른쪽은 이 표에서 서쪽이에요. 화면의 오른쪽이 늘 동쪽인 것은 아니에요.""]","동도는 동쪽의 큰 섬이고, 서도는 서쪽의 큰 섬이에요.","동쪽 ← [ A ] ··· [ B ] → 서쪽
동도는 동쪽 섬, 서도는 서쪽 섬이에요. 글자 방향이 아니라 화살표를 따라 읽으세요.",,방향을 단순화한 위치 관계이며 두 섬의 실제 해안선을 그린 지도가 아니에요.,https://dokdo.mofa.go.kr/kor/introduce/location.jsp
920013,910013,1,1,1,울릉도에서 독도를 보기 좋은 날씨는 무엇인가요?,"[""맑고 시야가 트인 날"", ""짙은 안개가 낀 날"", ""앞이 흐릴 만큼 비가 오는 날""]",1,맑고 시야가 트여야 멀리 있는 독도를 볼 수 있어요.,"[""맑고 시야가 트여야 멀리 있는 독도를 볼 수 있어요."", ""짙은 안개는 시야를 가려 먼 독도를 보기 어렵게 해요."", ""비가 앞을 가리면 멀리 있는 섬을 구별하기 어려워요.""]",울릉도에서는 날씨가 맑고 시야가 좋을 때 독도를 볼 수 있어요.,,,,https://dokdo.mofa.go.kr/kor/pds/part06_view02.jsp | https://dokdo.mofa.go.kr/kor/introduce/location.jsp
920014,910014,1,2,2,울릉도에서 먼 독도를 보려면 어떤 대기 조건이 필요한가요?,"[""짙은 안개가 바다를 덮음"", ""안개가 적고 시야가 맑음"", ""비가 강하게 내려 시야가 흐림""]",2,멀리 있는 섬을 보려면 시야를 가리는 안개 등이 적어야 해요.,"[""짙은 안개는 멀리 있는 독도를 보는 시야를 가려요."", ""멀리 있는 섬을 보려면 시야를 가리는 안개 등이 적어야 해요."", ""시야를 가리는 비는 맑은 날의 관찰 조건과 달라요.""]",울릉도에서는 날씨가 맑고 시야가 좋을 때 독도를 볼 수 있어요.,,,,https://dokdo.mofa.go.kr/kor/pds/part06_view02.jsp | https://dokdo.mofa.go.kr/kor/introduce/location.jsp
920015,910015,1,3,3,세종실록 지리지는 두 섬이 보이는 날씨를 어떻게 설명하나요?,"[""짙은 안개가 낄 때"", ""계절에 상관없이 모든 날"", ""날씨가 맑을 때""]",3,역문은 날씨가 맑으면 바라볼 수 있다고 설명해요.,"[""제시된 기록에는 맑은 날이라고 되어 있어요. 안개가 낀 날이라는 설명이 아니에요."", ""기록은 ‘맑으면’이라는 조건을 달고 있어요. 모든 날 보인다고 쓰지 않았어요."", ""역문은 날씨가 맑으면 바라볼 수 있다고 설명해요.""]",울릉도에서는 날씨가 맑고 시야가 좋을 때 독도를 볼 수 있어요.,1454년 『세종실록』 지리지의 역문 요약: 우산과 무릉 두 섬은 멀리 떨어져 있지 않아 날씨가 맑으면 바라볼 수 있다. 우산·무릉은 아래 출처의 해설에서 독도·울릉도로 풀이해요.,,,https://dokdo.mofa.go.kr/kor/pds/part06_view02.jsp | https://dokdo.mofa.go.kr/kor/introduce/location.jsp
920016,910016,1,4,3,두 관찰일 중 울릉도에서 독도를 보기 더 좋은 날은 언제인가요?,"[""B일"", ""A일""]",2,A일은 시야가 맑아 멀리 있는 독도를 바라보기에 더 적합해요.,"[""B일의 짙은 안개는 독도를 향한 시야를 가려요."", ""A일은 시야가 맑아 멀리 있는 독도를 바라보기에 더 적합해요.""]",울릉도에서는 날씨가 맑고 시야가 좋을 때 독도를 볼 수 있어요.,관찰 계획을 위한 예시: A일은 안개 없이 시야가 맑다. B일은 짙은 안개로 먼 바다가 보이지 않는다. 같은 울릉도 관찰 지점에서 볼 예정이다.,,,https://dokdo.mofa.go.kr/kor/pds/part06_view02.jsp | https://dokdo.mofa.go.kr/kor/introduce/location.jsp
920017,910017,1,1,1,독도의 부속 도서 89개를 셀 때 따로 구분하는 두 큰 섬은 무엇인가요?,"[""동도와 서도"", ""울릉도와 독도"", ""동도와 울릉도""]",1,부속 도서 89개에 동도와 서도 두 큰 섬을 따로 더해 구성해요.,"[""부속 도서 89개에 동도와 서도 두 큰 섬을 따로 더해 구성해요."", ""독도는 구성 전체의 이름이고, 울릉도는 별개예요. 따로 구분하는 큰 섬은 동도·서도예요."", ""울릉도 대신 서도가 들어가야 해요.""]",독도의 부속 도서 89개는 동도와 서도를 뺀 작은 섬들의 수예요.,,,,https://dokdo.mofa.go.kr/kor/introduce/location.jsp | https://www.dokdo.re.kr/home/cms/cmsCont.do?cntnts_sn=64
920018,910018,1,2,2,동도·서도와 부속 도서 89개를 합하면 몇 개인가요?,"[""91개"", ""89개"", ""90개"", ""93개""]",1,두 큰 섬 2개와 부속 도서 89개를 더하면 91개예요.,"[""두 큰 섬 2개와 부속 도서 89개를 더하면 91개예요."", ""89개는 두 큰 섬을 뺀 부속 도서의 수예요."", ""두 큰 섬 중 하나만 더한 수예요. 동도와 서도를 모두 더해야 해요."", ""두 큰 섬을 두 번 더하지 않아요. 89+2로 계산해요.""]",독도의 부속 도서 89개는 동도와 서도를 뺀 작은 섬들의 수예요.,,,,https://dokdo.mofa.go.kr/kor/introduce/location.jsp | https://www.dokdo.re.kr/home/cms/cmsCont.do?cntnts_sn=64
920019,910019,1,3,3,면적표에서 부속 도서 전체의 넓이는 얼마인가요?,"[""73,297㎡"", ""25,517㎡"", ""88,740㎡"", ""187,554㎡""]",2,"부속 도서 행의 값이 25,517㎡예요. 전체 면적이나 큰 섬 하나의 면적과 구분해요.","[""73,297㎡는 동도 하나의 면적이에요."", ""부속 도서 행의 값이 25,517㎡예요. 전체 면적이나 큰 섬 하나의 면적과 구분해요."", ""88,740㎡는 서도 하나의 면적이에요."", ""187,554㎡는 동도·서도·부속 도서를 모두 합친 면적이에요.""]",독도의 부속 도서 89개는 동도와 서도를 뺀 작은 섬들의 수예요.,"동도 73,297㎡
서도 88,740㎡
부속 도서 89개 25,517㎡
합계 187,554㎡",,,https://dokdo.mofa.go.kr/kor/introduce/location.jsp | https://www.dokdo.re.kr/home/cms/cmsCont.do?cntnts_sn=64
920020,910020,1,4,3,독도 전체 면적을 동도와 서도 면적만 더해 계산하면 무엇이 빠지나요?,"[""두 섬 사이 바다 25,517㎡"", ""부속 도서 25,517㎡"", ""울릉도 25,517㎡""]",2,"187,554−73,297−88,740=25,517㎡예요. 빠진 값은 부속 도서의 땅 면적이에요.","[""이 표는 땅 면적이에요. 차이는 바다가 아니라 부속 도서의 면적이에요."", ""187,554−73,297−88,740=25,517㎡예요. 빠진 값은 부속 도서의 땅 면적이에요."", ""울릉도는 독도 전체 면적에 포함되지 않아요.""]",독도의 부속 도서 89개는 동도와 서도를 뺀 작은 섬들의 수예요.,"독도 전체 땅 면적 187,554㎡ / 동도 73,297㎡ / 서도 88,740㎡. 부속 도서도 독도를 이루는 땅이에요.",,,https://dokdo.mofa.go.kr/kor/introduce/location.jsp | https://www.dokdo.re.kr/home/cms/cmsCont.do?cntnts_sn=64
920021,910021,2,1,1,독도의 두 큰 섬 중 더 높은 섬은 무엇인가요?,"[""서도"", ""동도""]",1,서도의 최고 높이는 168.5m로 동도의 98.6m보다 높아요.,"[""서도의 최고 높이는 168.5m로 동도의 98.6m보다 높아요."", ""동도는 98.6m예요. 서도 168.5m가 더 높아요.""]","독도에서 더 높은 큰 섬은 서도예요. 서도는 168.5m, 동도는 98.6m예요.",,,,https://dokdo.mofa.go.kr/kor/introduce/location.jsp | https://www.dokdo.re.kr/home/cms/cmsCont.do?cntnts_sn=64
920022,910022,2,2,2,독도에서 최고 높이가 98.6m인 큰 섬은 무엇인가요?,"[""서도"", ""동도""]",2,98.6m는 동도의 최고 높이예요. 서도의 값과 구분해요.,"[""서도의 최고 높이는 168.5m예요."", ""98.6m는 동도의 최고 높이예요. 서도의 값과 구분해요.""]","독도에서 더 높은 큰 섬은 서도예요. 서도는 168.5m, 동도는 98.6m예요.",,,,https://dokdo.mofa.go.kr/kor/introduce/location.jsp | https://www.dokdo.re.kr/home/cms/cmsCont.do?cntnts_sn=64
920023,910023,2,3,3,높이표에 따르면 서도는 동도보다 몇 m 더 높은가요?,"[""267.1m"", ""98.6m"", ""69.9m"", ""151m""]",3,168.5−98.6=69.9m예요. 두 최고 높이를 같은 단위로 빼요.,"[""267.1m는 두 높이를 더한 값이에요. 높이 차이는 빼서 구해요."", ""98.6m는 동도의 높이 자체이고 두 섬의 높이 차이는 아니에요."", ""168.5−98.6=69.9m예요. 두 최고 높이를 같은 단위로 빼요."", ""151m는 두 섬의 해안 사이 거리로 쓰는 값이에요. 이 높이 차이와 다릅니다.""]","독도에서 더 높은 큰 섬은 서도예요. 서도는 168.5m, 동도는 98.6m예요.","서도 최고 높이 168.5m
동도 최고 높이 98.6m
두 값은 해수면을 기준으로 한 높이예요.",,,https://dokdo.mofa.go.kr/kor/introduce/location.jsp | https://www.dokdo.re.kr/home/cms/cmsCont.do?cntnts_sn=64
920024,910024,2,4,3,표의 높이를 기준으로 100m보다 높은 곳이 있는 섬은 어디인가요?,"[""동도만"", ""두 섬 모두"", ""어느 섬도 없음"", ""서도만""]",4,서도는 168.5m까지 올라가지만 동도의 최고점은 98.6m예요. 동도에 100m 지점을 표시하면 최고 높이를 넘어요.,"[""동도는 최고점도 100m에 못 미쳐요. 100m를 넘는 것은 서도예요."", ""동도의 98.6m는 100m보다 낮으므로 두 섬 모두는 아니에요."", ""서도의 168.5m는 100m보다 높아요."", ""서도는 168.5m까지 올라가지만 동도의 최고점은 98.6m예요. 동도에 100m 지점을 표시하면 최고 높이를 넘어요.""]","독도에서 더 높은 큰 섬은 서도예요. 서도는 168.5m, 동도는 98.6m예요.",서도 168.5m / 동도 98.6m. 지형도의 100m 높이선을 넣을 수 있는 섬을 판단하려고 해요.,,,https://dokdo.mofa.go.kr/kor/introduce/location.jsp | https://www.dokdo.re.kr/home/cms/cmsCont.do?cntnts_sn=64
920025,910025,2,1,1,독도의 두 큰 섬 중 땅의 넓이가 더 넓은 섬은 무엇인가요?,"[""서도"", ""동도""]",1,"서도는 88,740㎡, 동도는 73,297㎡이므로 서도가 더 넓어요.","[""서도는 88,740㎡, 동도는 73,297㎡이므로 서도가 더 넓어요."", ""동도는 둘레가 더 길지만 면적은 서도보다 작아요.""]","서도는 동도보다 면적이 넓지만, 해안선의 둘레는 동도가 더 길어요.",,,,https://dokdo.mofa.go.kr/kor/introduce/location.jsp | https://www.dokdo.re.kr/home/cms/cmsCont.do?cntnts_sn=64
920026,910026,2,2,2,독도 면적표의 ㎡는 무엇을 나타내는 단위인가요?,"[""봉우리의 높이"", ""해안선을 따라 잰 길이"", ""땅의 넓이""]",3,제곱미터는 넓이를 나타내요. 섬의 높이를 나타내는 미터와 달라요.,"[""높이는 m로 표시해요. ㎡는 땅이 얼마나 넓은지 나타내요."", ""해안선의 길이는 m나 km로 표시해요. ㎡는 길이 단위가 아니에요."", ""제곱미터는 넓이를 나타내요. 섬의 높이를 나타내는 미터와 달라요.""]","서도는 동도보다 면적이 넓지만, 해안선의 둘레는 동도가 더 길어요.","서도: 88,740㎡ / 동도: 73,297㎡",,,https://dokdo.mofa.go.kr/kor/introduce/location.jsp | https://www.dokdo.re.kr/home/cms/cmsCont.do?cntnts_sn=64
920027,910027,2,3,3,표에서 해안선의 둘레가 더 긴 큰 섬은 어디인가요?,"[""서도"", ""동도""]",2,"동도 둘레는 2.8km, 서도는 2.6km예요. 둘레를 비교하면 동도가 더 길어요.","[""서도는 면적이 크지만 둘레 값은 2.6km로 동도보다 짧아요."", ""동도 둘레는 2.8km, 서도는 2.6km예요. 둘레를 비교하면 동도가 더 길어요.""]","서도는 동도보다 면적이 넓지만, 해안선의 둘레는 동도가 더 길어요.","동도: 면적 73,297㎡, 둘레 2.8km
서도: 면적 88,740㎡, 둘레 2.6km",,,https://dokdo.mofa.go.kr/kor/introduce/location.jsp | https://www.dokdo.re.kr/home/cms/cmsCont.do?cntnts_sn=64
920028,910028,2,4,3,표에 맞게 서도와 동도의 면적·둘레를 함께 비교한 것은 무엇인가요?,"[""서도는 더 넓고, 동도는 둘레가 더 길다"", ""서도가 더 넓으므로 둘레도 더 길다"", ""동도가 더 넓고 둘레도 더 길다""]",1,넓이와 둘레는 서로 다른 값이에요. 표에서는 두 항목에서 더 큰 섬이 서로 달라요.,"[""넓이와 둘레는 서로 다른 값이에요. 표에서는 두 항목에서 더 큰 섬이 서로 달라요."", ""면적이 크다고 둘레도 반드시 긴 것은 아니에요. 표의 둘레는 동도가 더 길어요."", ""동도의 둘레는 더 길지만 면적은 서도가 더 넓어요.""]","서도는 동도보다 면적이 넓지만, 해안선의 둘레는 동도가 더 길어요.","동도 73,297㎡ / 둘레 2.8km
서도 88,740㎡ / 둘레 2.6km
면적은 땅의 넓이, 둘레는 해안선을 따라 잰 길이예요.",,,https://dokdo.mofa.go.kr/kor/introduce/location.jsp | https://www.dokdo.re.kr/home/cms/cmsCont.do?cntnts_sn=64
920029,910029,2,1,1,동도와 서도는 무엇을 사이에 두고 떨어져 있나요?,"[""육지 도로"", ""바다"", ""강""]",2,두 섬의 물 위 육지는 바다를 사이에 두고 떨어져 있어요.,"[""두 섬 사이에 육지 도로로 이어진 구간이 있는 것은 아니에요."", ""두 섬의 물 위 육지는 바다를 사이에 두고 떨어져 있어요."", ""두 섬 사이의 물은 강물이 아니라 바닷물이에요.""]",동도와 서도의 가장 가까운 해안 사이 거리는 약 151m예요.,,,해안 사이의 간격이지 두 정상 사이 거리나 걷는 길의 길이가 아니에요.,https://www.dokdo.re.kr/home/cms/cmsCont.do?cntnts_sn=66 | https://www.heritage.go.kr/heri/cul/culSelectDetail.do?VdkVgwKey=16%2C03360000%2C37&pageNo=1_1_2_0
920030,910030,2,2,2,동도와 서도의 가장 가까운 해안 사이 거리는 약 얼마인가요?,"[""151m"", ""87.4km"", ""98.6m"", ""168.5m""]",1,약 151m는 두 큰 섬의 가장 가까운 해안 사이 간격이에요.,"[""약 151m는 두 큰 섬의 가장 가까운 해안 사이 간격이에요."", ""87.4km는 울릉도와 독도 사이 거리예요."", ""98.6m는 동도의 최고 높이예요. 섬 사이 거리와 달라요."", ""168.5m는 서도의 최고 높이예요.""]",동도와 서도의 가장 가까운 해안 사이 거리는 약 151m예요.,,,해안 사이의 간격이지 두 정상 사이 거리나 걷는 길의 길이가 아니에요.,https://www.dokdo.re.kr/home/cms/cmsCont.do?cntnts_sn=66 | https://www.heritage.go.kr/heri/cul/culSelectDetail.do?VdkVgwKey=16%2C03360000%2C37&pageNo=1_1_2_0
920031,910031,2,3,3,151m라는 간격을 지도에 표시할 때 양 끝은 어디에 두어야 하나요?,"[""두 섬의 정상"", ""등대와 주민숙소"", ""서로 가장 가까운 두 해안""]",3,151m는 가장 가까운 해안 사이 거리이므로 그 두 지점을 연결해요.,"[""정상은 해안과 다른 위치에 있어요. 정상끼리 연결한 거리를 151m라고 붙일 수 없어요."", ""시설 간 거리는 해안 사이 간격과 별개의 값이에요."", ""151m는 가장 가까운 해안 사이 거리이므로 그 두 지점을 연결해요.""]",동도와 서도의 가장 가까운 해안 사이 거리는 약 151m예요.,거리 설명: 동도와 서도가 가장 가까이 마주한 해안 사이의 간격은 약 151m이다.,,해안 사이의 간격이지 두 정상 사이 거리나 걷는 길의 길이가 아니에요.,https://www.dokdo.re.kr/home/cms/cmsCont.do?cntnts_sn=66 | https://www.heritage.go.kr/heri/cul/culSelectDetail.do?VdkVgwKey=16%2C03360000%2C37&pageNo=1_1_2_0
920032,910032,2,4,3,축척이 1cm당 50m인 지도에서 151m 간격은 약 몇 cm인가요?,"[""7,550cm"", ""3.02cm"", ""151cm"", ""0.302cm""]",2,151÷50=3.02cm예요. 실제 간격을 1cm가 나타내는 거리로 나누어요.,"[""151에 50을 곱한 값이에요. 지도 길이는 실제 거리를 축척값으로 나누어 구해요."", ""151÷50=3.02cm예요. 실제 간격을 1cm가 나타내는 거리로 나누어요."", ""1cm가 1m를 뜻하는 지도가 아니에요. 여기서는 1cm가 50m예요."", ""3.02cm에서 소수점을 한 자리 더 옮긴 값이에요.""]",동도와 서도의 가장 가까운 해안 사이 거리는 약 151m예요.,"실제 해안 간격: 약 151m
학습용 지도 축척: 1cm가 실제 50m를 나타냄
이 축척은 계산 연습을 위해 정한 값이에요.",,해안 사이의 간격이지 두 정상 사이 거리나 걷는 길의 길이가 아니에요.,https://www.dokdo.re.kr/home/cms/cmsCont.do?cntnts_sn=66 | https://www.heritage.go.kr/heri/cul/culSelectDetail.do?VdkVgwKey=16%2C03360000%2C37&pageNo=1_1_2_0
920033,910033,2,1,1,독도에서 가파른 봉우리가 두드러지는 큰 섬은 무엇인가요?,"[""서도"", ""동도""]",1,서도는 높고 가파르게 솟은 봉우리의 모습이 두드러져요.,"[""서도는 높고 가파르게 솟은 봉우리의 모습이 두드러져요."", ""동도에도 절벽이 있지만 상부에는 비교적 평탄한 공간이 있어요.""]","서도는 가파르게 솟고, 동도는 정상 부근에 비교적 평탄한 공간이 있어요.",,,,https://www.heritage.go.kr/heri/cul/culSelectDetail.do?VdkVgwKey=16%2C03360000%2C37&pageNo=1_1_2_0 | https://www.jbe.go.kr/dokdo/assets/sub/picture.html
920034,910034,2,2,2,독도의 헬기장 등 시설이 자리한 비교적 평탄한 상부는 어느 섬에 있나요?,"[""서도"", ""동도""]",2,동도 상부의 비교적 평탄한 곳에는 헬기장과 여러 시설이 있어요.,"[""서도는 정상 접근이 어려운 가파른 지형이에요. 질문의 시설은 동도에 있어요."", ""동도 상부의 비교적 평탄한 곳에는 헬기장과 여러 시설이 있어요.""]","서도는 가파르게 솟고, 동도는 정상 부근에 비교적 평탄한 공간이 있어요.",,,,https://www.heritage.go.kr/heri/cul/culSelectDetail.do?VdkVgwKey=16%2C03360000%2C37&pageNo=1_1_2_0 | https://www.jbe.go.kr/dokdo/assets/sub/picture.html
920035,910035,2,3,3,지형 설명 A는 동도와 서도 중 어느 섬인가요?,"[""동도"", ""서도""]",1,A는 정상 부근이 비교적 평탄하고 시설이 있는 섬이므로 동도예요.,"[""A는 정상 부근이 비교적 평탄하고 시설이 있는 섬이므로 동도예요."", ""서도는 가파른 봉우리라는 B의 설명에 해당해요.""]","서도는 가파르게 솟고, 동도는 정상 부근에 비교적 평탄한 공간이 있어요.","A: 해안에는 절벽이 있고, 정상 부근은 비교적 평탄하여 헬기장과 시설이 있다.
B: 높고 가파른 봉우리가 두드러진다.",,,https://www.heritage.go.kr/heri/cul/culSelectDetail.do?VdkVgwKey=16%2C03360000%2C37&pageNo=1_1_2_0 | https://www.jbe.go.kr/dokdo/assets/sub/picture.html
920036,910036,2,4,4,독도 모형에서 동도를 서도와 똑같은 뾰족한 산으로 만들었다면 무엇을 고쳐야 하나요?,"[""동도 상부의 비교적 평탄한 공간을 살린다"", ""동도를 서도보다 더 높게 만든다"", ""동도의 해안 절벽을 모두 없앤다""]",1,두 섬의 차이를 보여주려면 동도의 낮은 상부 공간과 주변 절벽을 함께 표현해야 해요.,"[""두 섬의 차이를 보여주려면 동도의 낮은 상부 공간과 주변 절벽을 함께 표현해야 해요."", ""실제로 더 높은 섬은 서도예요. 높이를 뒤집으면 또 다른 오류예요."", ""평탄한 상부가 있다는 말은 섬 전체가 평평하다는 뜻이 아니에요.""]","서도는 가파르게 솟고, 동도는 정상 부근에 비교적 평탄한 공간이 있어요.","지형 자료: 서도 168.5m, 가파른 봉우리 / 동도 98.6m, 해안 절벽과 비교적 평탄한 정상 부근.
수정할 모형: 두 섬을 높이만 다른 똑같은 뾰족한 산으로 만듦.",,,https://www.heritage.go.kr/heri/cul/culSelectDetail.do?VdkVgwKey=16%2C03360000%2C37&pageNo=1_1_2_0 | https://www.jbe.go.kr/dokdo/assets/sub/picture.html
920037,910037,2,1,1,동도와 서도 아래 바닷속에도 독도의 지형이 이어지나요?,"[""해수면에서 끝나요"", ""바닷속으로 이어져요""]",2,동도·서도는 해저 화산체의 일부가 물 위로 드러난 모습이에요.,"[""물 위에서 보이는 곳만 전부가 아니에요. 아래에도 화산체가 이어져요."", ""동도·서도는 해저 화산체의 일부가 물 위로 드러난 모습이에요.""]",동도·서도는 큰 해저 화산체에서 바다 위로 드러난 일부예요.,,,,https://www.dokdo.re.kr/home/cms/cmsCont.do?cntnts_sn=66
920038,910038,2,2,2,독도의 두 큰 섬은 무엇의 일부가 바다 위로 드러난 것인가요?,"[""강이 쌓은 삼각주"", ""해저 화산체"", ""산호가 쌓인 산호섬""]",2,바닷속 화산활동으로 자란 화산체의 윗부분이 바다 위에서 보여요.,"[""독도는 강의 퇴적물이 쌓인 삼각주가 아니라 화산활동으로 만들어졌어요."", ""바닷속 화산활동으로 자란 화산체의 윗부분이 바다 위에서 보여요."", ""독도 형성의 바탕은 산호가 아니라 화산활동이에요.""]",동도·서도는 큰 해저 화산체에서 바다 위로 드러난 일부예요.,,,,https://www.dokdo.re.kr/home/cms/cmsCont.do?cntnts_sn=66
920039,910039,2,3,3,"독도 설명의 약 2,300m는 어디서부터 잰 규모인가요?","[""해수면부터 서도 정상까지"", ""해수면부터 동도 정상까지"", ""바닷속 화산체의 기저부부터""]",3,"약 2,300m는 해저 기저부부터 화산체 전체를 본 높이예요.","[""해수면부터 서도 정상은 168.5m예요. 기준점이 달라요."", ""동도의 해발 높이는 98.6m예요."", ""약 2,300m는 해저 기저부부터 화산체 전체를 본 높이예요.""]",동도·서도는 큰 해저 화산체에서 바다 위로 드러난 일부예요.,"서도의 해발 높이: 168.5m.
독도 화산체의 전체 높이: 해저 기저부부터 약 2,300m.
높이를 비교할 때 출발 기준을 확인하세요.",,,https://www.dokdo.re.kr/home/cms/cmsCont.do?cntnts_sn=66
920040,910040,2,4,3,"168.5m와 약 2,300m를 함께 독도의 높이라고 쓰는 까닭은 무엇인가요?","[""높이를 재기 시작한 기준이 달라서"", ""168.5m는 동도, 2,300m는 서도 높이라서"", ""같은 시작점에서 잰 값의 단위만 달라서""]",1,"168.5m는 해수면부터, 약 2,300m는 해저 기저부부터 설명한 높이예요.","[""168.5m는 해수면부터, 약 2,300m는 해저 기저부부터 설명한 높이예요."", ""서도 최고점은 해수면 기준 168.5m이고 동도는 98.6m예요."", ""둘 다 m를 쓰지만 높이의 시작 기준이 달라요.""]",동도·서도는 큰 해저 화산체에서 바다 위로 드러난 일부예요.,"해수면 → 서도 정상: 168.5m
해저 화산체 기저부 → 화산체 상부: 약 2,300m",,,https://www.dokdo.re.kr/home/cms/cmsCont.do?cntnts_sn=66
920041,910041,3,1,1,독도를 처음 만든 자연 현상은 무엇인가요?,"[""강물의 모래 퇴적"", ""산호의 성장"", ""바닷속 화산활동"", ""빙하의 퇴적""]",3,바닷속에서 분출된 화산 물질이 쌓이며 독도 화산체가 만들어졌어요.,"[""강모래가 쌓이는 지형도 있지만 독도의 형성 원인은 해저 화산활동이에요."", ""산호섬과 달리 독도는 화산활동으로 만들어진 섬이에요."", ""바닷속에서 분출된 화산 물질이 쌓이며 독도 화산체가 만들어졌어요."", ""독도는 빙하가 운반한 물질이 쌓여 생긴 섬으로 설명되지 않아요.""]",독도는 바닷속 화산활동으로 분출된 물질이 쌓여 만들어졌어요.,,,,https://www.dokdo.re.kr/home/cms/cmsCont.do?cntnts_sn=66
920042,910042,3,2,1,독도의 화산활동이 시작된 곳은 어디인가요?,"[""육지 강의 하구"", ""바닷속"", ""해안 모래사장""]",2,독도 화산체는 바닷속에서 자라 나중에 일부가 수면 위로 드러났어요.,"[""독도의 출발점은 강 하구가 아니라 동해 바닷속이에요."", ""독도 화산체는 바닷속에서 자라 나중에 일부가 수면 위로 드러났어요."", ""이미 있는 해변 위가 아니라 바닷속 화산활동에서 시작했어요.""]",독도는 바닷속 화산활동으로 분출된 물질이 쌓여 만들어졌어요.,,,,https://www.dokdo.re.kr/home/cms/cmsCont.do?cntnts_sn=66
920043,910043,3,3,3,독도의 형성 과정을 순서대로 놓으면 무엇인가요?,"[""수면 위 출현 → 해저 분출 → 물질이 쌓임"", ""물질이 쌓임 → 수면 위 출현 → 첫 해저 분출"", ""해저 분출 → 물질이 쌓임 → 일부가 수면 위로 드러남""]",3,분출된 물질이 쌓여 화산체가 커진 뒤 일부가 물 위로 드러났어요.,"[""독도는 먼저 물 위에 나타난 뒤 화산활동이 시작된 것으로 설명하지 않아요."", ""화산 물질이 쌓이려면 분출이 먼저 있어야 해요."", ""분출된 물질이 쌓여 화산체가 커진 뒤 일부가 물 위로 드러났어요.""]",독도는 바닷속 화산활동으로 분출된 물질이 쌓여 만들어졌어요.,해저에서 화산 물질이 분출했다. 분출물이 쌓여 화산체가 자랐다. 화산체 일부가 바다 위로 드러났다.,,,https://www.dokdo.re.kr/home/cms/cmsCont.do?cntnts_sn=66
920044,910044,3,4,3,독도 해안이 파도에 깎인다는 사실과 화산 기원을 함께 설명한 것은 무엇인가요?,"[""화산이 섬을 만들고, 이후 파도가 해안을 깎았다"", ""파도가 화산 물질을 처음 분출시켰다"", ""화산으로 생긴 뒤 해안은 변하지 않았다""]",1,처음 만들어진 원인과 이후 모양이 변한 원인은 다를 수 있어요. 독도에는 두 과정이 이어졌어요.,"[""처음 만들어진 원인과 이후 모양이 변한 원인은 다를 수 있어요. 독도에는 두 과정이 이어졌어요."", ""파도는 해안을 깎는 작용이며 해저 화산 분출의 원인으로 제시되지 않았어요."", ""자료에는 물 위로 드러난 뒤 침식이 계속되었다고 설명돼요.""]",독도는 바닷속 화산활동으로 분출된 물질이 쌓여 만들어졌어요.,"독도는 해저 화산활동으로 만들어졌다. 수면 위로 드러난 뒤 침식이 우세해져, 처음 드러났던 화산체의 일부가 남은 것으로 설명된다.",,,https://www.dokdo.re.kr/home/cms/cmsCont.do?cntnts_sn=66
920045,910045,3,1,1,독도는 먼저 어디에서 자란 뒤 물 위로 드러났나요?,"[""울릉도 육지 위"", ""동해 바닷속"", ""한반도 강 하구""]",2,독도는 바닷속 화산체가 자라 일부가 물 위로 드러난 섬이에요.,"[""독도는 울릉도에서 떨어져 나온 육지 조각으로 설명되지 않아요."", ""독도는 바닷속 화산체가 자라 일부가 물 위로 드러난 섬이에요."", ""독도는 강 하구의 퇴적섬이 아니라 해저 화산섬이에요.""]","독도는 해저에서 자란 뒤 수면 위로 드러났고, 오랜 시간 침식되며 모습이 달라졌어요.",,,형성 시기는 연구 자료의 대략적인 추정값이며 정확한 하루를 뜻하지 않아요.,https://www.dokdo.re.kr/home/cms/cmsCont.do?cntnts_sn=66
920046,910046,3,2,2,독도가 생긴 뒤 해안을 깎아 온 작용은 무엇인가요?,"[""산호가 섬을 덮는 성장"", ""강 하구에 모래가 쌓이는 퇴적"", ""파도 등에 의한 침식""]",3,바다 위로 나온 뒤에도 파도에 깎이면서 독도의 해안 모양이 변했어요.,"[""자료는 독도 모양의 주요 변화를 산호 성장으로 설명하지 않아요."", ""독도의 지형 변화 설명은 강 하구 삼각주의 형성과 달라요."", ""바다 위로 나온 뒤에도 파도에 깎이면서 독도의 해안 모양이 변했어요.""]","독도는 해저에서 자란 뒤 수면 위로 드러났고, 오랜 시간 침식되며 모습이 달라졌어요.",,,형성 시기는 연구 자료의 대략적인 추정값이며 정확한 하루를 뜻하지 않아요.,https://www.dokdo.re.kr/home/cms/cmsCont.do?cntnts_sn=66
920047,910047,3,3,3,제시된 독도 형성 연표에서 먼저 일어난 일은 무엇인가요?,"[""해저 화산활동 시작"", ""수면 위로 드러남""]",1,약 460만 년 전이 약 250만 년 전보다 더 오래전이에요.,"[""약 460만 년 전이 약 250만 년 전보다 더 오래전이에요."", ""수면 위로 드러난 시기는 해저 화산활동 시작보다 나중이에요.""]","독도는 해저에서 자란 뒤 수면 위로 드러났고, 오랜 시간 침식되며 모습이 달라졌어요.","형성 자료 요약: 최소 약 460만 년 전 해저 화산활동으로 형성되기 시작했고, 약 250만 년 전부터 수면 위로 드러났다.",,형성 시기는 연구 자료의 대략적인 추정값이며 정확한 하루를 뜻하지 않아요.,https://www.dokdo.re.kr/home/cms/cmsCont.do?cntnts_sn=66
920048,910048,3,4,3,형성 연표에서 460만 년 전과 250만 년 전의 차이는 약 몇 년인가요?,"[""710만 년"", ""21만 년"", ""250만 년"", ""210만 년""]",4,460만−250만=210만 년이에요. 자료의 대략적인 시점끼리 계산한 차이예요.,"[""두 시점을 더한 값이에요. 간격은 빼서 구해요."", ""210만 년에서 자릿수가 하나 줄었어요."", ""250만 년은 한 사건의 시점이고 두 시점의 차이가 아니에요."", ""460만−250만=210만 년이에요. 자료의 대략적인 시점끼리 계산한 차이예요.""]","독도는 해저에서 자란 뒤 수면 위로 드러났고, 오랜 시간 침식되며 모습이 달라졌어요.",계산에 사용할 대략적인 시점: 해저 화산활동 460만 년 전 / 수면 위 출현 250만 년 전. 실제 형성은 오랜 과정이며 이 계산이 정확한 형성 기간을 확정하지는 않아요.,,형성 시기는 연구 자료의 대략적인 추정값이며 정확한 하루를 뜻하지 않아요.,https://www.dokdo.re.kr/home/cms/cmsCont.do?cntnts_sn=66
920049,910049,3,1,1,독도 해안의 바위를 깎는 바닷물의 움직임은 무엇인가요?,"[""파도"", ""강의 흐름"", ""빙하의 이동""]",1,파도가 해안에 부딪치며 바위를 깎는 작용을 해요.,"[""파도가 해안에 부딪치며 바위를 깎는 작용을 해요."", ""독도 해안에서 바닷물이 바위를 때리는 것은 강물이 아니라 파도예요."", ""자료의 해안 변화는 빙하가 아니라 파도에 의한 작용이에요.""]",파도는 독도 해안의 바위를 깎아 절벽·동굴·아치 같은 지형을 만드는 데 영향을 주어요.,,,,https://www.dokdo.re.kr/home/cms/cmsCont.do?cntnts_sn=66 | https://korean.visitkorea.or.kr/detail/ms_detail.do?cotid=0fe4eeb6-3f6a-48b1-ab75-c8d4ab6b43be
920050,910050,3,2,2,독도 해안의 바위가 파도에 깎이는 작용을 무엇이라고 하나요?,"[""퇴적"", ""해식"", ""분출""]",2,해식은 바다의 파도 등이 해안 지형을 깎는 작용이에요.,"[""퇴적은 물질이 쌓이는 것이고, 질문은 깎이는 작용을 묻고 있어요."", ""해식은 바다의 파도 등이 해안 지형을 깎는 작용이에요."", ""분출은 화산 물질 등이 뿜어져 나오는 것이에요.""]",파도는 독도 해안의 바위를 깎아 절벽·동굴·아치 같은 지형을 만드는 데 영향을 주어요.,,,,https://www.dokdo.re.kr/home/cms/cmsCont.do?cntnts_sn=66 | https://korean.visitkorea.or.kr/detail/ms_detail.do?cotid=0fe4eeb6-3f6a-48b1-ab75-c8d4ab6b43be
920051,910051,3,3,3,설명된 독립문바위의 아치 구멍을 만드는 데 영향을 준 작용은 무엇인가요?,"[""강이 실어 온 모래가 쌓이는 작용"", ""산호가 고리 모양으로 자라는 작용"", ""해안 바위가 파도에 깎이는 작용""]",3,바위가 깎여 통로가 생긴 해식아치이므로 파도의 침식과 연결돼요.,"[""모래가 쌓인 지형이 아니라 바위에 뚫린 해식아치예요."", ""독립문바위의 아치는 산호초가 아니라 해안 바위에 생긴 구조예요."", ""바위가 깎여 통로가 생긴 해식아치이므로 파도의 침식과 연결돼요.""]",파도는 독도 해안의 바위를 깎아 절벽·동굴·아치 같은 지형을 만드는 데 영향을 주어요.,독립문바위는 동도에 있는 해식아치예요. 해식아치는 해안의 바위가 깎여 아치 모양으로 남은 지형이에요.,,,https://www.dokdo.re.kr/home/cms/cmsCont.do?cntnts_sn=66 | https://korean.visitkorea.or.kr/detail/ms_detail.do?cotid=0fe4eeb6-3f6a-48b1-ab75-c8d4ab6b43be
920052,910052,3,4,3,독도 바위를 관찰해 해식 지형으로 분류할 수 있는 설명은 무엇인가요?,"[""바닷가 암벽의 약한 부분이 깎여 구멍이 생겼다"", ""해저에서 분출물이 쌓여 화산체가 커졌다"", ""모래가 물 밑에 가라앉아 새 층을 이루었다""]",1,해안 바위가 깎인 과정이므로 해식 지형의 설명에 맞아요.,"[""해안 바위가 깎인 과정이므로 해식 지형의 설명에 맞아요."", ""이것은 독도의 형성 과정이고, 해안 바위가 깎이는 해식 과정은 아니에요."", ""새 층이 쌓이는 것은 퇴적이에요. 해식은 깎이는 과정이에요.""]",파도는 독도 해안의 바위를 깎아 절벽·동굴·아치 같은 지형을 만드는 데 영향을 주어요.,분류 기준: 해식은 파도 등에 의해 해안 바위가 깎이는 과정이다. 독도의 해식동굴·해식아치는 이 과정과 관련된다.,,,https://www.dokdo.re.kr/home/cms/cmsCont.do?cntnts_sn=66 | https://korean.visitkorea.or.kr/detail/ms_detail.do?cotid=0fe4eeb6-3f6a-48b1-ab75-c8d4ab6b43be
920053,910053,3,1,1,독도의 바위가 바람과 추위 등에 오래 노출되어 약해지는 과정을 무엇이라고 하나요?,"[""분출"", ""풍화"", ""퇴적""]",2,풍화는 바위가 주변 환경의 영향을 받아 약해지거나 부서지는 과정이에요.,"[""분출은 화산 물질이 나오는 과정으로, 이미 있는 바위가 약해지는 과정과 달라요."", ""풍화는 바위가 주변 환경의 영향을 받아 약해지거나 부서지는 과정이에요."", ""퇴적은 물질이 쌓이는 과정이에요.""]","독도의 바위는 풍화로 약해지고 침식으로 깎이며, 이런 변화가 해안 모습을 바꿔요.",,,,https://www.dokdo.re.kr/home/cms/cmsCont.do?cntnts_sn=66
920054,910054,3,2,2,독도 해안에서 깎인 바위 조각이 다른 곳에 쌓이는 과정은 무엇인가요?,"[""분출"", ""풍화"", ""퇴적""]",3,옮겨진 조각이 쌓이는 단계는 퇴적이에요. 깎여 나오는 침식과 구분해요.,"[""파도가 옮긴 조각이 쌓이는 것은 화산에서 새 물질이 나오는 분출이 아니에요."", ""풍화는 바위가 약해지는 과정이고, 조각이 쌓이는 것은 퇴적이에요."", ""옮겨진 조각이 쌓이는 단계는 퇴적이에요. 깎여 나오는 침식과 구분해요.""]","독도의 바위는 풍화로 약해지고 침식으로 깎이며, 이런 변화가 해안 모습을 바꿔요.",,,,https://www.dokdo.re.kr/home/cms/cmsCont.do?cntnts_sn=66
920055,910055,3,3,3,독도 바위가 약해진 뒤 파도에 깎였다는 설명의 과정 순서는 무엇인가요?,"[""풍화 → 침식"", ""퇴적 → 풍화"", ""분출 → 퇴적""]",1,"먼저 바위가 약해지는 풍화가 있고, 이어 파도에 깎이는 침식이 있어요.","[""먼저 바위가 약해지는 풍화가 있고, 이어 파도에 깎이는 침식이 있어요."", ""먼저 조각이 쌓였다는 설명이 없어요. 첫 과정은 풍화예요."", ""이 관찰은 화산 분출이 아니라 이미 있는 해안 바위의 변화를 다뤄요.""]","독도의 바위는 풍화로 약해지고 침식으로 깎이며, 이런 변화가 해안 모습을 바꿔요.",관찰 예시: 독도 해안 바위에 틈이 커졌다. 약해진 부분을 파도가 깎아 바위 조각을 옮겼다. 실제 특정 날짜의 조사값이 아닌 과정 설명이에요.,,,https://www.dokdo.re.kr/home/cms/cmsCont.do?cntnts_sn=66
920056,910056,3,4,4,독도 해안선의 변화를 비교하려면 어느 자료 묶음이 적합한가요?,"[""서도 전체 사진과 동도 한 바위의 확대 사진"", ""같은 해안 구간을 같은 축척으로 나타낸 두 시기의 자료"", ""동도 높이표와 울릉도 기온표""]",2,장소와 축척을 맞추어야 해안이 달라진 부분을 비교할 수 있어요.,"[""장소와 범위가 달라 같은 해안의 변화를 비교하기 어려워요."", ""장소와 축척을 맞추어야 해안이 달라진 부분을 비교할 수 있어요."", ""두 표는 같은 해안선의 과거·현재 위치를 보여주지 않아요.""]","독도의 바위는 풍화로 약해지고 침식으로 깎이며, 이런 변화가 해안 모습을 바꿔요.",독도 해안에서는 풍화·침식으로 작은 지형 변화가 생길 수 있어요. 조사에서는 같은 구간의 과거 모습과 새 측정 결과를 대조하려고 해요.,,,https://www.dokdo.re.kr/home/cms/cmsCont.do?cntnts_sn=66
920057,910057,3,1,1,독도의 물골은 어느 큰 섬에 있나요?,"[""동도"", ""서도""]",2,물골은 서도 해안에 있는 물이 모이는 곳이에요.,"[""동도에 있는 천장굴과 달리 물골은 서도에 있어요."", ""물골은 서도 해안에 있는 물이 모이는 곳이에요.""]","서도의 물골은 바위에서 물이 떨어지는 곳으로, 담수화 시설 이전에 식수원으로 쓰였어요.",,,,https://www.dokdo.re.kr/home/cms/cmsCont.do?cntnts_sn=66 | https://dokdo.mofa.go.kr/kor/introduce/facility.jsp
920058,910058,3,2,2,"담수화 시설이 생기기 전, 독도의 물골은 주로 무엇에 쓰였나요?","[""배가 닿는 곳"", ""헬기가 내리는 곳"", ""마실 물을 얻는 곳""]",3,물골 바위에서 떨어지는 물을 식수원으로 이용했어요.,"[""배가 닿는 접안시설과 물골의 식수원 역할은 달라요."", ""물골은 헬기장이 아니라 물을 얻던 곳이에요."", ""물골 바위에서 떨어지는 물을 식수원으로 이용했어요.""]","서도의 물골은 바위에서 물이 떨어지는 곳으로, 담수화 시설 이전에 식수원으로 쓰였어요.",,,,https://www.dokdo.re.kr/home/cms/cmsCont.do?cntnts_sn=66 | https://dokdo.mofa.go.kr/kor/introduce/facility.jsp
920059,910059,3,3,3,설명의 빈칸에 들어갈 지명은 무엇인가요?,"[""물골"", ""천장굴"", ""독립문바위""]",1,서도에서 물을 얻던 장소라는 설명이 물골과 맞아요.,"[""서도에서 물을 얻던 장소라는 설명이 물골과 맞아요."", ""천장굴은 동도 중앙의 함몰 지형이에요. 서도의 옛 식수원은 물골이에요."", ""독립문바위는 동도의 아치 모양 해안 지형이에요.""]","서도의 물골은 바위에서 물이 떨어지는 곳으로, 담수화 시설 이전에 식수원으로 쓰였어요.",서도의 [   ]에서는 바위에서 물이 조금씩 떨어진다. 바닷물을 담수로 바꾸는 시설이 설치되기 전 식수원으로 이용되었다.,,,https://www.dokdo.re.kr/home/cms/cmsCont.do?cntnts_sn=66 | https://dokdo.mofa.go.kr/kor/introduce/facility.jsp
920060,910060,3,4,3,물골과 담수화 시설의 물 공급 방식을 바르게 짝지은 것은 무엇인가요?,"[""물골: 바닷물을 끓이는 기계 / 담수화: 바위에서 떨어지는 물"", ""물골: 바위에서 떨어지는 물 / 담수화: 바닷물의 소금을 줄임"", ""둘 다 같은 바위틈에서 물을 모음""]",2,자연적으로 떨어지는 물을 모으는 방식과 바닷물을 처리하는 방식이 달라요.,"[""두 공급 방식을 뒤바꿨어요. 물골은 기계가 아니라 지명이에요."", ""자연적으로 떨어지는 물을 모으는 방식과 바닷물을 처리하는 방식이 달라요."", ""담수화 시설은 바닷물의 소금을 줄이는 설비이므로 물골과 같지 않아요.""]","서도의 물골은 바위에서 물이 떨어지는 곳으로, 담수화 시설 이전에 식수원으로 쓰였어요.","물골: 서도 바위에서 물이 떨어져 과거 식수원으로 이용됨.
담수화 시설: 바닷물의 소금을 줄여 생활에 쓸 물을 만듦.",,,https://www.dokdo.re.kr/home/cms/cmsCont.do?cntnts_sn=66 | https://dokdo.mofa.go.kr/kor/introduce/facility.jsp
920061,910061,4,1,1,먼 거리를 이동하는 철새에게 독도는 어떤 곳인가요?,"[""겨울에만 머무는 곳"", ""모든 새가 평생 머무는 곳"", ""이동 중 쉬어 가는 곳""]",3,바다를 건너는 철새는 독도에서 잠시 쉬었다가 이동을 이어갈 수 있어요.,"[""독도는 이동 경로의 휴식처로 설명돼요. 겨울에만 이용한다고 제한할 수 없어요."", ""철새가 쉬어 간다는 것은 이동을 이어간다는 뜻이며 모든 새가 정착하는 것은 아니에요."", ""바다를 건너는 철새는 독도에서 잠시 쉬었다가 이동을 이어갈 수 있어요.""]",독도는 먼 거리를 이동하는 철새가 쉬어 가는 중간 기착지예요.,,,,https://dokdo.mofa.go.kr/kor/introduce/nature.jsp
920062,910062,4,2,2,철새가 이동하다 독도처럼 잠시 들러 쉬는 곳을 무엇이라고 하나요?,"[""중간 기착지"", ""번식지"", ""월동지""]",1,이동 중 잠시 들르는 휴식 장소를 중간 기착지라고 해요.,"[""이동 중 잠시 들르는 휴식 장소를 중간 기착지라고 해요."", ""번식지는 알과 새끼를 기르는 곳이며 잠깐 쉬는 역할과 구분해요."", ""월동지는 겨울을 보내는 곳이며 이 질문의 잠깐 쉬는 곳과 달라요.""]",독도는 먼 거리를 이동하는 철새가 쉬어 가는 중간 기착지예요.,,,,https://dokdo.mofa.go.kr/kor/introduce/nature.jsp
920063,910063,4,3,3,이동 경로가 ‘출발지 → 독도에서 휴식 → 목적지’라면 독도의 역할은 무엇인가요?,"[""출발지"", ""중간 기착지"", ""최종 목적지""]",2,출발지와 목적지 사이에서 쉬었으므로 중간 기착지에 해당해요.,"[""제시된 경로에서는 독도에 오기 전에 이미 출발했어요."", ""출발지와 목적지 사이에서 쉬었으므로 중간 기착지에 해당해요."", ""독도에서 쉰 뒤 다른 목적지로 이동하므로 최종 목적지는 아니에요.""]",독도는 먼 거리를 이동하는 철새가 쉬어 가는 중간 기착지예요.,철새 이동을 나타낸 학습용 경로: 출발지 → 독도에서 잠시 휴식 → 목적지. 특정 새의 실제 추적 자료는 아니에요.,,,https://dokdo.mofa.go.kr/kor/introduce/nature.jsp
920064,910064,4,4,3,독도의 두 새 관찰에서 ‘중간 기착’에 해당하는 것은 무엇인가요?,"[""A: 이동 중 잠시 쉬고 다른 곳으로 떠남"", ""B: 둥지에서 알을 품고 새끼를 기름""]",1,긴 이동을 이어가기 전 쉬는 행동이 중간 기착에 해당해요.,"[""긴 이동을 이어가기 전 쉬는 행동이 중간 기착에 해당해요."", ""B는 번식지 이용을 보여주며 잠깐 쉬어 가는 기착과 구분돼요.""]",독도는 먼 거리를 이동하는 철새가 쉬어 가는 중간 기착지예요.,독도는 철새의 휴식처이면서 일부 바닷새의 번식지예요. 관찰 예시 A: 이동 중 쉬고 떠남. B: 둥지에서 새끼를 기름.,,,https://dokdo.mofa.go.kr/kor/introduce/nature.jsp
920065,910065,4,1,1,독도에서 번식하는 바닷새는 어느 것인가요?,"[""황제펭귄"", ""타조"", ""괭이갈매기""]",3,괭이갈매기는 독도의 대표적인 번식 바닷새로 소개돼요.,"[""독도 번식 조류 안내에서 소개하는 새는 황제펭귄이 아니라 괭이갈매기예요."", ""독도의 번식 바닷새를 묻고 있어요. 타조는 이 목록에 해당하지 않아요."", ""괭이갈매기는 독도의 대표적인 번식 바닷새로 소개돼요.""]",괭이갈매기·바다제비·슴새는 독도에서 번식하는 바닷새로 소개돼요.,,,,https://www.heritage.go.kr/heri/cul/culSelectDetail.do?VdkVgwKey=16%2C03360000%2C37&pageNo=1_1_2_0 | https://dokdo.mofa.go.kr/kor/introduce/nature.jsp
920066,910066,4,2,2,괭이갈매기가 독도에서 번식한다는 뜻은 무엇인가요?,"[""알을 낳고 새끼를 기른다"", ""잠시 쉬었다가 떠나기만 한다"", ""먹이만 찾고 떠난다""]",1,번식은 새끼를 낳거나 알에서 부화시켜 다음 세대를 이어가는 일이에요.,"[""번식은 새끼를 낳거나 알에서 부화시켜 다음 세대를 이어가는 일이에요."", ""잠깐 쉬는 기착과 새끼를 기르는 번식은 다른 활동이에요."", ""먹이 활동은 번식 중에도 할 수 있지만 번식의 뜻은 새끼를 기르는 것과 연결돼요.""]",괭이갈매기·바다제비·슴새는 독도에서 번식하는 바닷새로 소개돼요.,,,,https://www.heritage.go.kr/heri/cul/culSelectDetail.do?VdkVgwKey=16%2C03360000%2C37&pageNo=1_1_2_0 | https://dokdo.mofa.go.kr/kor/introduce/nature.jsp
920067,910067,4,3,3,독도에서 번식한다고 소개된 새만 모은 것은 무엇인가요?,"[""괭이갈매기·황제펭귄·슴새"", ""괭이갈매기·바다제비·슴새"", ""바다제비·슴새·타조""]",2,자료에서 번식 조류로 제시한 세 종류가 모두 들어 있어요.,"[""황제펭귄은 제시된 독도 번식 조류 목록에 없어요."", ""자료에서 번식 조류로 제시한 세 종류가 모두 들어 있어요."", ""타조는 제시된 독도 번식 바닷새가 아니에요.""]",괭이갈매기·바다제비·슴새는 독도에서 번식하는 바닷새로 소개돼요.,"독도 천연보호구역 안내의 번식 조류: 바다제비, 슴새, 괭이갈매기.",,,https://www.heritage.go.kr/heri/cul/culSelectDetail.do?VdkVgwKey=16%2C03360000%2C37&pageNo=1_1_2_0 | https://dokdo.mofa.go.kr/kor/introduce/nature.jsp
920068,910068,4,4,3,독도의 ‘번식지’ 기능을 보여 주는 관찰은 무엇인가요?,"[""철새가 바위에서 쉬고 곧 떠난다"", ""새가 섬 위를 지나가며 날아간다"", ""괭이갈매기가 둥지의 새끼에게 먹이를 준다""]",3,둥지에서 새끼를 기르는 행동이므로 번식지를 이용하는 모습이에요.,"[""이 행동은 중간 기착을 보여 주지만 새끼를 기르는 증거는 아니에요."", ""상공 통과만으로 그곳에서 번식한다고 확인할 수는 없어요."", ""둥지에서 새끼를 기르는 행동이므로 번식지를 이용하는 모습이에요.""]",괭이갈매기·바다제비·슴새는 독도에서 번식하는 바닷새로 소개돼요.,"활동 구분: 번식은 알을 낳고 새끼를 기르는 일, 기착은 이동 중 잠시 들르는 일이에요. 아래 관찰은 구분 연습을 위한 예시예요.",,,https://www.heritage.go.kr/heri/cul/culSelectDetail.do?VdkVgwKey=16%2C03360000%2C37&pageNo=1_1_2_0 | https://dokdo.mofa.go.kr/kor/introduce/nature.jsp
920069,910069,4,1,1,독도 바닷속에서 자라는 바닷말은 어느 것인가요?,"[""미역"", ""슴새"", ""해국""]",1,미역은 독도 주변 바다에서 소개하는 바닷말 가운데 하나예요.,"[""미역은 독도 주변 바다에서 소개하는 바닷말 가운데 하나예요."", ""슴새는 바닷말이 아니라 바닷새예요."", ""해국은 독도 땅에 자라는 꽃식물이에요.""]",독도에는 하늘을 나는 바닷새와 바닷속에 자라는 바닷말이 함께 있어요.,,,,https://dokdo.mofa.go.kr/kor/introduce/nature.jsp | https://www.heritage.go.kr/heri/cul/culSelectDetail.do?VdkVgwKey=16%2C03360000%2C37&pageNo=1_1_2_0
920070,910070,4,2,2,독도의 괭이갈매기와 미역을 종류별로 짝지으면 무엇인가요?,"[""바닷말 / 바닷새"", ""바닷새 / 바닷말"", ""바닷새 / 바닷새""]",2,괭이갈매기는 새이고 미역은 바닷속에서 자라는 해조류예요.,"[""두 생물의 분류를 뒤바꿨어요."", ""괭이갈매기는 새이고 미역은 바닷속에서 자라는 해조류예요."", ""미역은 새가 아니라 바닷말이에요.""]",독도에는 하늘을 나는 바닷새와 바닷속에 자라는 바닷말이 함께 있어요.,,,,https://dokdo.mofa.go.kr/kor/introduce/nature.jsp | https://www.heritage.go.kr/heri/cul/culSelectDetail.do?VdkVgwKey=16%2C03360000%2C37&pageNo=1_1_2_0
920071,910071,4,3,3,‘독도는 해조류(海鳥類)의 번식지’에서 해조류는 무엇을 뜻하나요?,"[""바닷말"", ""바다 물고기"", ""바닷새""]",3,새 조(鳥)가 쓰였으므로 바닷새라는 뜻이에요.,"[""바닷말을 뜻하는 해조류에는 마름 조(藻)를 써요."", ""여기에는 새를 뜻하는 글자가 있으므로 물고기를 가리키지 않아요."", ""새 조(鳥)가 쓰였으므로 바닷새라는 뜻이에요.""]",독도에는 하늘을 나는 바닷새와 바닷속에 자라는 바닷말이 함께 있어요.,"말 풀이: 海는 바다, 鳥는 새, 藻는 바닷말을 뜻해요. 해조류(海鳥類)와 해조류(海藻類)는 소리가 같지만 뜻은 달라요.",,,https://dokdo.mofa.go.kr/kor/introduce/nature.jsp | https://www.heritage.go.kr/heri/cul/culSelectDetail.do?VdkVgwKey=16%2C03360000%2C37&pageNo=1_1_2_0
920072,910072,4,4,3,독도 생물 목록을 ‘바닷말’로만 묶으면 어느 조합인가요?,"[""미역·다시마"", ""미역·슴새"", ""괭이갈매기·바다제비""]",1,두 종류 모두 독도 자연환경 안내에 나온 바닷말이에요.,"[""두 종류 모두 독도 자연환경 안내에 나온 바닷말이에요."", ""미역은 바닷말이지만 슴새는 새예요."", ""둘 다 바닷새이며 바닷말이 아니에요.""]",독도에는 하늘을 나는 바닷새와 바닷속에 자라는 바닷말이 함께 있어요.,"독도 생물 목록: 바닷말 — 미역, 다시마 / 바닷새 — 괭이갈매기, 바다제비, 슴새.",,,https://dokdo.mofa.go.kr/kor/introduce/nature.jsp | https://www.heritage.go.kr/heri/cul/culSelectDetail.do?VdkVgwKey=16%2C03360000%2C37&pageNo=1_1_2_0
920073,910073,4,1,1,독도 땅에 자라는 꽃식물은 어느 것인가요?,"[""미역"", ""해국"", ""다시마""]",2,해국은 독도 식물 목록에 소개되는 땅 위 식물이에요.,"[""미역은 바닷속에서 자라는 바닷말이에요."", ""해국은 독도 식물 목록에 소개되는 땅 위 식물이에요."", ""다시마는 땅 위 꽃식물이 아니라 바닷말이에요.""]",독도 땅에는 해국·섬기린초·땅채송화 같은 식물이 자라요.,,,,https://dokdo.mofa.go.kr/kor/introduce/nature.jsp
920074,910074,4,2,2,독도에서 해국과 섬기린초를 함께 조사한다면 무엇을 조사하는 것인가요?,"[""번식하는 바닷새"", ""바닷속 물고기"", ""땅 위 식물""]",3,해국과 섬기린초는 독도 땅에 자라는 식물이에요.,"[""두 이름은 새가 아니라 식물 이름이에요."", ""두 이름은 물고기가 아니라 육상 식물이에요."", ""해국과 섬기린초는 독도 땅에 자라는 식물이에요.""]",독도 땅에는 해국·섬기린초·땅채송화 같은 식물이 자라요.,,,,https://dokdo.mofa.go.kr/kor/introduce/nature.jsp
920075,910075,4,3,3,제시된 독도 목록에서 육상 식물끼리 묶인 것은 무엇인가요?,"[""섬기린초·땅채송화"", ""섬기린초·미역"", ""미역·다시마""]",1,두 식물은 육상 식물 목록에 있어요.,"[""두 식물은 육상 식물 목록에 있어요."", ""섬기린초는 땅 위 식물이지만 미역은 바닷말이에요."", ""두 생물은 바닷말 목록에 있어요.""]",독도 땅에는 해국·섬기린초·땅채송화 같은 식물이 자라요.,"독도 육상 식물: 해국, 섬기린초, 땅채송화.
독도 바닷말: 미역, 다시마.",,,https://dokdo.mofa.go.kr/kor/introduce/nature.jsp
920076,910076,4,4,3,독도 식물 조사에서 미역만 기록했다면 추가해야 할 조사 대상은 무엇인가요?,"[""다시마 등 바닷말만"", ""해국·섬기린초 등 땅 위 식물"", ""괭이갈매기 등 바닷새""]",2,미역만으로는 독도 땅의 식물을 조사한 것이 아니므로 육상 식물을 더 살펴야 해요.,"[""바닷말을 추가해도 땅 위 식물은 여전히 빠져요."", ""미역만으로는 독도 땅의 식물을 조사한 것이 아니므로 육상 식물을 더 살펴야 해요."", ""바닷새는 독도 생물 조사에는 중요하지만 식물 조사 대상은 아니에요.""]",독도 땅에는 해국·섬기린초·땅채송화 같은 식물이 자라요.,조사 목표: 독도의 땅과 바다에 자라는 식물을 함께 살펴보기. 현재 기록에는 바닷말인 미역만 있어요.,,,https://dokdo.mofa.go.kr/kor/introduce/nature.jsp
920077,910077,4,1,1,독도에서 자연유산으로 함께 보호하는 대상은 무엇인가요?,"[""건물만"", ""배와 선착장만"", ""생물과 화산 지형""]",3,보호 가치는 새뿐 아니라 식물·바다 생물과 화산 지형에도 있어요.,"[""독도 천연보호구역은 사람의 건물만 보호하는 제도가 아니에요."", ""선박 시설만으로는 독도의 자연유산 범위를 설명할 수 없어요."", ""보호 가치는 새뿐 아니라 식물·바다 생물과 화산 지형에도 있어요.""]",독도는 바닷새의 번식지뿐 아니라 식물과 화산 지형 등의 가치도 함께 보호하는 곳이에요.,,,,https://www.heritage.go.kr/heri/cul/culSelectDetail.do?VdkVgwKey=16%2C03360000%2C37&pageNo=1_1_2_0 | https://dokdo.mofa.go.kr/kor/introduce/nature.jsp
920078,910078,4,2,2,독도 해안 절벽에 남아 있는 자연의 흔적은 무엇인가요?,"[""화산 형성과 침식"", ""빙하가 만든 계곡"", ""강 하구의 모래 퇴적""]",1,독도 절벽의 암석과 형태에서 섬이 만들어지고 깎인 과정을 살펴볼 수 있어요.,"[""독도 절벽의 암석과 형태에서 섬이 만들어지고 깎인 과정을 살펴볼 수 있어요."", ""공식 지형 설명은 화산활동과 해안 침식에 관한 것이에요. 독도 해안 절벽을 빙하가 만든 계곡으로 설명하지 않아요."", ""강 하구의 모래 퇴적은 삼각주 등과 연결돼요. 독도 해안 절벽은 화산에서 생긴 바위가 깎인 흔적을 보여 줘요.""]",독도는 바닷새의 번식지뿐 아니라 식물과 화산 지형 등의 가치도 함께 보호하는 곳이에요.,,,,https://www.heritage.go.kr/heri/cul/culSelectDetail.do?VdkVgwKey=16%2C03360000%2C37&pageNo=1_1_2_0 | https://dokdo.mofa.go.kr/kor/introduce/nature.jsp
920079,910079,4,3,3,독도 보호 계획에 ‘바닷새만 보호’라고 적으면 빠지는 대상은 무엇인가요?,"[""바다제비와 괭이갈매기"", ""땅 위 식물과 화산 지형"", ""바닷새의 번식""]",2,자료는 새 외에도 식생과 지형을 보호 가치로 제시해요.,"[""둘 다 바닷새이므로 ‘바닷새만 보호’ 범위에는 들어가요."", ""자료는 새 외에도 식생과 지형을 보호 가치로 제시해요."", ""바닷새의 번식지 보호는 이미 제시된 범위와 직접 관련돼요.""]",독도는 바닷새의 번식지뿐 아니라 식물과 화산 지형 등의 가치도 함께 보호하는 곳이에요.,"독도 천연보호구역 안내는 바닷새 번식지, 육상 식생, 화산 지질과 해안 지형 등의 가치를 함께 소개해요.",,,https://www.heritage.go.kr/heri/cul/culSelectDetail.do?VdkVgwKey=16%2C03360000%2C37&pageNo=1_1_2_0 | https://dokdo.mofa.go.kr/kor/introduce/nature.jsp
920080,910080,4,4,4,독도 탐방 해설판에 보호 가치를 균형 있게 담은 구성은 무엇인가요?,"[""바닷새 세 종류의 이름만 반복해서 설명"", ""시설 주소와 배 시간만 설명"", ""바닷새 번식·육상 식물·화산과 해식 지형을 함께 설명""]",3,독도의 생물과 지형을 함께 설명하므로 자료에 제시된 여러 보호 가치를 다뤄요.,"[""새를 설명해도 식물과 화산 지형은 빠져 있어 전체 가치를 다루지 못해요."", ""방문 정보는 도움이 되지만 독도의 자연유산 가치를 설명하는 내용과는 달라요."", ""독도의 생물과 지형을 함께 설명하므로 자료에 제시된 여러 보호 가치를 다뤄요.""]",독도는 바닷새의 번식지뿐 아니라 식물과 화산 지형 등의 가치도 함께 보호하는 곳이에요.,해설판의 목표는 독도가 왜 자연유산으로 보호되는지 알리는 것이에요. 보호구역 안내는 바닷새·식생·화산 지형을 근거로 소개해요.,,,https://www.heritage.go.kr/heri/cul/culSelectDetail.do?VdkVgwKey=16%2C03360000%2C37&pageNo=1_1_2_0 | https://dokdo.mofa.go.kr/kor/introduce/nature.jsp
920081,910081,5,1,1,독도 바다숲을 이루는 큰 바닷말은 어느 것인가요?,"[""감태"", ""해국"", ""섬기린초""]",1,감태는 독도 암반 해역에서 바다숲을 이루는 바닷말로 소개돼요.,"[""감태는 독도 암반 해역에서 바다숲을 이루는 바닷말로 소개돼요."", ""해국은 독도 땅에 자라는 식물이며 바닷속 숲을 이루는 감태와 달라요."", ""섬기린초는 육상 식물이에요. 질문은 바닷속의 큰 바닷말을 물어요.""]",독도 바닷속에서는 감태와 대황 같은 큰 바닷말이 바다숲을 이루어요.,,,,https://www.dokdo.re.kr/home/cms/cmsCont.do?cntnts_sn=87
920082,910082,5,2,2,감태와 대황이 많이 자라는 독도 바닷속 공간을 무엇이라고 부르나요?,"[""갯벌"", ""바다숲"", ""산호초""]",2,큰 바닷말이 숲처럼 자라는 공간을 바다숲이라고 해요.,"[""갯벌은 주로 고운 퇴적물이 쌓인 해안 공간이며 큰 바닷말 숲의 이름은 아니에요."", ""큰 바닷말이 숲처럼 자라는 공간을 바다숲이라고 해요."", ""이 질문의 숲은 산호가 아니라 감태·대황 같은 바닷말로 이루어져요.""]",독도 바닷속에서는 감태와 대황 같은 큰 바닷말이 바다숲을 이루어요.,,,,https://www.dokdo.re.kr/home/cms/cmsCont.do?cntnts_sn=87
920083,910083,5,3,3,자료에서 독도 바다숲을 만드는 생물끼리 짝지은 것은 무엇인가요?,"[""홍합·거북손"", ""게·소라"", ""감태·대황""]",3,두 종류는 바다숲을 이루는 큰 해조류로 제시돼요.,"[""두 종류는 바위에 붙어 사는 동물이지 숲을 만드는 바닷말은 아니에요."", ""바위틈 생물이지만 감태·대황처럼 바다숲을 만드는 해조류가 아니에요."", ""두 종류는 바다숲을 이루는 큰 해조류로 제시돼요.""]",독도 바닷속에서는 감태와 대황 같은 큰 바닷말이 바다숲을 이루어요.,"독도 암반생태계 안내: 감태와 대황이 바다숲을 이룬다. 홍합·거북손은 바위에 붙어 살며, 바위틈에는 게와 소라 등도 있다.",,,https://www.dokdo.re.kr/home/cms/cmsCont.do?cntnts_sn=87
920084,910084,5,4,3,독도 바다숲의 변화를 조사할 때 직접 비교해야 할 것은 무엇인가요?,"[""같은 해역에서 감태·대황이 덮은 범위"", ""서로 다른 해역의 수온 한 번씩만"", ""육상 해국 군락의 넓이만""]",1,조사 대상인 바다숲 자체의 범위를 같은 곳에서 비교해요.,"[""조사 대상인 바다숲 자체의 범위를 같은 곳에서 비교해요."", ""서로 다른 곳의 수온만으로 같은 바다숲의 시간에 따른 범위 변화를 알 수 없어요."", ""육상 식물 조사만으로 감태·대황의 바다숲 범위를 확인할 수 없어요.""]",독도 바닷속에서는 감태와 대황 같은 큰 바닷말이 바다숲을 이루어요.,조사 목표: 독도에서 감태·대황이 이루는 바다숲의 범위가 시간에 따라 달라지는지 확인하기.,,,https://www.dokdo.re.kr/home/cms/cmsCont.do?cntnts_sn=87
920085,910085,5,1,1,독도 주변에서 함께 만나는 바닷물의 흐름은 무엇인가요?,"[""따뜻한 흐름만"", ""따뜻한 흐름과 찬 흐름"", ""찬 흐름만""]",2,독도 해양환경은 난류와 한류가 만나는 영향으로 설명돼요.,"[""따뜻한 흐름뿐 아니라 찬 흐름도 함께 설명돼요."", ""독도 해양환경은 난류와 한류가 만나는 영향으로 설명돼요."", ""찬 흐름만으로 설명하면 난류가 미치는 영향을 빠뜨려요.""]",독도 주변에서는 따뜻한 흐름과 찬 흐름이 만나 물이 섞이고 영양분 이동에 영향을 줘요.,,,,https://www.dokdo.re.kr/home/cms/cmsCont.do?cntnts_sn=82
920086,910086,5,2,2,독도 주변의 깊은 물이 위로 섞이면 식물플랑크톤에 무엇을 공급할 수 있나요?,"[""햇빛"", ""바닷새의 알"", ""영양분""]",3,깊은 물에 있던 영양분이 위쪽으로 이동하면 식물플랑크톤 생장에 도움이 될 수 있어요.,"[""햇빛은 위에서 들어오며 깊은 물이 운반해 올리는 물질이 아니에요."", ""설명은 물에 포함된 영양분 공급이며 새의 알을 공급하는 과정이 아니에요."", ""깊은 물에 있던 영양분이 위쪽으로 이동하면 식물플랑크톤 생장에 도움이 될 수 있어요.""]",독도 주변에서는 따뜻한 흐름과 찬 흐름이 만나 물이 섞이고 영양분 이동에 영향을 줘요.,,식물플랑크톤은 햇빛과 영양분을 이용하는 작은 생물이에요.,,https://www.dokdo.re.kr/home/cms/cmsCont.do?cntnts_sn=82
920087,910087,5,3,3,독도 주변 바닷물 혼합과 영양분 공급의 순서는 무엇인가요?,"[""수직 혼합 → 깊은 물의 영양분이 상층으로 이동"", ""수직 혼합 → 상층 영양분을 전부 제거"", ""수직 혼합 → 영양분 이동이 항상 중단""]",1,자료의 혼합과 상층 공급을 순서대로 연결했어요.,"[""자료의 혼합과 상층 공급을 순서대로 연결했어요."", ""자료는 영양분 공급의 가능성을 설명하며 전부 제거한다고 하지 않아요."", ""물이 섞이며 이동할 수 있다는 내용과 반대예요.""]",독도 주변에서는 따뜻한 흐름과 찬 흐름이 만나 물이 섞이고 영양분 이동에 영향을 줘요.,독도 섬효과 설명: 흐름과 바람의 영향으로 바닷물이 수직으로 섞이면 깊은 곳의 영양분이 위쪽에 공급될 수 있다.,,,https://www.dokdo.re.kr/home/cms/cmsCont.do?cntnts_sn=82
920088,910088,5,4,4,독도 주변에서 물의 혼합이 줄면 가장 먼저 확인할 변화는 무엇인가요?,"[""어린 물고기의 전체 개체 수만"", ""상층으로 공급되는 영양분의 양"", ""바닷새의 번식 수만""]",2,제시된 인과 연결에서 혼합의 직접적인 다음 단계는 영양분 수송이에요.,"[""물고기 수는 더 뒤의 먹이 관계와 다른 요인의 영향도 받으므로 직접 공급 변화부터 살펴요."", ""제시된 인과 연결에서 혼합의 직접적인 다음 단계는 영양분 수송이에요."", ""바닷새 번식은 이 자료에서 혼합의 직접적인 다음 단계로 제시되지 않아요.""]",독도 주변에서는 따뜻한 흐름과 찬 흐름이 만나 물이 섞이고 영양분 이동에 영향을 줘요.,검토할 연결: 수직 혼합 → 영양분의 상층 공급 → 식물플랑크톤 생장에 도움. 혼합이 줄었다고 생물 수가 반드시 즉시 감소한다고 단정하지 않아요.,,,https://www.dokdo.re.kr/home/cms/cmsCont.do?cntnts_sn=82
920089,910089,5,1,1,독도 바다 먹이 관계의 바탕이 되는 작은 광합성 생물은 무엇인가요?,"[""어린 물고기"", ""강치"", ""식물플랑크톤""]",3,식물플랑크톤은 빛을 이용해 살아가며 다른 생물의 먹이가 될 수 있어요.,"[""어린 물고기는 광합성으로 먹이를 만드는 생물이 아니에요."", ""강치는 동물로서 다른 생물을 먹으며 광합성 생물이 아니에요."", ""식물플랑크톤은 빛을 이용해 살아가며 다른 생물의 먹이가 될 수 있어요.""]",독도 바다에서는 식물플랑크톤에서 동물플랑크톤과 어린 물고기로 먹이 관계가 이어질 수 있어요.,,,,https://www.dokdo.re.kr/home/cms/cmsCont.do?cntnts_sn=82
920090,910090,5,2,2,독도 바다의 먹이 연결에서 식물플랑크톤을 먹는 것은 무엇인가요?,"[""동물플랑크톤"", ""감태"", ""대황""]",1,제시한 연결에서 동물플랑크톤이 식물플랑크톤을 먹고 어린 물고기의 먹이가 돼요.,"[""제시한 연결에서 동물플랑크톤이 식물플랑크톤을 먹고 어린 물고기의 먹이가 돼요."", ""감태는 바닷말이며 이 연결에서 식물플랑크톤을 먹는 동물로 제시되지 않아요."", ""대황도 바닷말이며 식물플랑크톤을 먹는 동물플랑크톤과 구분해요.""]",독도 바다에서는 식물플랑크톤에서 동물플랑크톤과 어린 물고기로 먹이 관계가 이어질 수 있어요.,,간단한 먹이 연결: 식물플랑크톤 → 동물플랑크톤 → 어린 물고기. 화살표는 먹히는 쪽에서 먹는 쪽으로 향해요.,,https://www.dokdo.re.kr/home/cms/cmsCont.do?cntnts_sn=82
920091,910091,5,3,3,제시된 먹이 관계에서 동물플랑크톤을 먹는 생물은 무엇인가요?,"[""식물플랑크톤"", ""어린 물고기"", ""감태""]",2,화살표가 동물플랑크톤에서 어린 물고기로 이어져요.,"[""그림에서는 식물플랑크톤이 동물플랑크톤에게 먹히는 쪽이에요."", ""화살표가 동물플랑크톤에서 어린 물고기로 이어져요."", ""이 먹이 관계에 감태가 동물플랑크톤을 먹는다고 제시되지 않았어요.""]",독도 바다에서는 식물플랑크톤에서 동물플랑크톤과 어린 물고기로 먹이 관계가 이어질 수 있어요.,독도 바다의 단순화한 먹이 관계: 식물플랑크톤 → 동물플랑크톤 → 어린 물고기. 화살표는 ‘먹히는 생물에서 먹는 생물로’를 뜻해요.,,,https://www.dokdo.re.kr/home/cms/cmsCont.do?cntnts_sn=82
920092,910092,5,4,4,독도 바다에서 어린 물고기의 먹이 공급을 살피려면 함께 조사할 생물은 무엇인가요?,"[""해안 바닷새의 둥지 수만"", ""섬 위 육상 식물의 종류만"", ""먹이가 되는 동물플랑크톤의 양""]",3,제시된 관계에서 어린 물고기가 직접 먹는 생물을 조사해요.,"[""둥지 수만으로 어린 물고기가 먹을 동물플랑크톤의 양을 알 수 없어요."", ""육상 식물 목록은 제시된 물고기의 먹이 공급 자료와 달라요."", ""제시된 관계에서 어린 물고기가 직접 먹는 생물을 조사해요.""]",독도 바다에서는 식물플랑크톤에서 동물플랑크톤과 어린 물고기로 먹이 관계가 이어질 수 있어요.,"검토할 먹이 연결: 식물플랑크톤을 동물플랑크톤이 먹고, 일부 어린 물고기가 동물플랑크톤을 먹는다. 독도 바다 전체의 모든 먹이 관계를 나타낸 것은 아니에요.",,,https://www.dokdo.re.kr/home/cms/cmsCont.do?cntnts_sn=82
920093,910093,5,1,1,과거 독도에 무리 지어 살았지만 사라진 바다 포유류는 무엇인가요?,"[""강치"", ""해달"", ""바다표범""]",1,독도 포획 기록과 개체군 연구의 대상은 멸종한 강치예요.,"[""독도 포획 기록과 개체군 연구의 대상은 멸종한 강치예요."", ""해달은 다른 바다 포유류이며 이 포획·멸종 기록의 강치와 같은 종이 아니에요."", ""바다표범과 강치는 다른 분류의 동물이에요. 이 독도 기록은 강치를 다뤄요.""]","독도에는 강치가 살았으며, 지나친 포획은 강치의 감소와 멸종에 큰 영향을 주었어요.",,,,https://www.mof.go.kr/doc/ko/selectDoc.do?bbsSeq=10&docSeq=45126&menuSeq=971 | https://www.mdpi.com/2077-1312/10/2/271
920094,910094,5,2,2,독도 강치를 크게 줄어들게 한 인간 활동은 무엇인가요?,"[""섬의 농경지 확대"", ""지나치게 많은 포획"", ""바다숲 채집만""]",2,남아 있는 포획 기록을 이용한 연구는 강한 포획 압력이 감소에 크게 작용했음을 설명해요.,"[""해당 연구가 강치 감소의 핵심 인간 활동으로 지목한 것은 포획이에요."", ""남아 있는 포획 기록을 이용한 연구는 강한 포획 압력이 감소에 크게 작용했음을 설명해요."", ""연구는 강치를 직접 잡은 포획 압력의 영향을 다뤄요.""]","독도에는 강치가 살았으며, 지나친 포획은 강치의 감소와 멸종에 큰 영향을 주었어요.",,,,https://www.mof.go.kr/doc/ko/selectDoc.do?bbsSeq=10&docSeq=45126&menuSeq=971 | https://www.mdpi.com/2077-1312/10/2/271
920095,910095,5,3,3,독도 강치 연구가 이용한 과거 인간 활동 기록은 무엇인가요?,"[""바닷새의 연도별 둥지 수만"", ""현재 물고기의 어획량만"", ""강치의 연도별 포획 기록""]",3,포획 자료를 모형에 넣어 개체군 변화의 한 요인을 계산했어요.,"[""새의 둥지 수는 강치가 몇 마리 잡혔는지를 기록한 자료가 아니에요."", ""현재 물고기 어획량은 과거 강치 포획 기록과 대상·시기가 달라요."", ""포획 자료를 모형에 넣어 개체군 변화의 한 요인을 계산했어요.""]","독도에는 강치가 살았으며, 지나친 포획은 강치의 감소와 멸종에 큰 영향을 주었어요.",2022년 강치 연구는 남아 있는 포획 자료와 생물학적 가정을 이용해 과거 개체군 변화를 모의 계산했어요.,,,https://www.mof.go.kr/doc/ko/selectDoc.do?bbsSeq=10&docSeq=45126&menuSeq=971 | https://www.mdpi.com/2077-1312/10/2/271
920096,910096,5,4,3,강치 모형에서 포획 압력이 커질 때 직접 늘어나는 항목은 무엇인가요?,"[""사람에게 잡혀 개체군에서 빠지는 수"", ""태어나는 새끼 수"", ""과거 조사에 실제 관찰된 수""]",1,포획 압력의 직접적인 효과는 잡히는 개체의 증가예요. 번식에 의한 보충과 함께 비교해요.,"[""포획 압력의 직접적인 효과는 잡히는 개체의 증가예요. 번식에 의한 보충과 함께 비교해요."", ""포획이 증가한다고 출생이 직접 같은 만큼 늘어나는 것은 아니에요."", ""모형 조건을 바꾼다고 과거 관찰 기록 자체가 바뀌지는 않아요.""]","독도에는 강치가 살았으며, 지나친 포획은 강치의 감소와 멸종에 큰 영향을 주었어요.","모형의 개체 수 변화: 출생으로 증가, 자연 사망과 포획으로 감소. 같은 번식 조건에서 포획 압력만 높여 본다.",,,https://www.mof.go.kr/doc/ko/selectDoc.do?bbsSeq=10&docSeq=45126&menuSeq=971 | https://www.mdpi.com/2077-1312/10/2/271
920097,910097,5,1,1,옛 강치 기록으로 당시 개체 수를 계산한 값은 무엇이라고 하나요?,"[""당시의 전수 관찰값"", ""추정값"", ""오늘의 실시간 개체 수""]",2,불완전한 기록과 가정으로 계산했으므로 정확한 전수 관찰값과 구분해요.,"[""모든 개체를 직접 센 것이 아니라 기록으로 계산한 값이에요."", ""불완전한 기록과 가정으로 계산했으므로 정확한 전수 관찰값과 구분해요."", ""과거를 계산한 값이므로 오늘의 실제 관찰 수가 아니에요.""]",과거 강치 개체 수의 모형 추정값은 당시 현장에서 전부 센 값과 구분해야 해요.,,,,https://www.mdpi.com/2077-1312/10/2/271 | https://www.mof.go.kr/doc/ko/selectDoc.do?bbsSeq=10&docSeq=45126&menuSeq=971
920098,910098,5,2,1,독도 강치의 ‘포획 수’는 무엇을 센 값인가요?,"[""당시에 살던 강치 전부"", ""그해 태어난 강치"", ""사람에게 잡힌 강치""]",3,포획 수는 사람이 잡은 강치를 센 값이에요. 잡히지 않은 강치까지 포함한 전체 개체 수와는 달라요.,"[""잡히지 않은 개체가 있을 수 있어 두 수가 같다고 가정할 수 없어요."", ""포획 수는 태어난 수가 아니라 사냥으로 잡힌 수예요."", ""포획 수는 사람이 잡은 강치를 센 값이에요. 잡히지 않은 강치까지 포함한 전체 개체 수와는 달라요.""]",과거 강치 개체 수의 모형 추정값은 당시 현장에서 전부 센 값과 구분해야 해요.,,,,https://www.mdpi.com/2077-1312/10/2/271 | https://www.mof.go.kr/doc/ko/selectDoc.do?bbsSeq=10&docSeq=45126&menuSeq=971
920099,910099,5,3,3,‘모형으로 계산한 강치 수’에 붙일 올바른 자료 표시는 무엇인가요?,"[""과거 기록과 가정으로 계산한 추정값"", ""연구자가 당시 강치를 모두 세어 얻은 수"", ""현재 독도에 사는 강치 수""]",1,계산의 성격을 밝혀 관찰한 수와 혼동하지 않게 해요.,"[""계산의 성격을 밝혀 관찰한 수와 혼동하지 않게 해요."", ""자료는 모형 추정이지 과거 현장 전수 조사로 제시되지 않았어요."", ""연구 대상은 과거 개체군이며 현재 살아 있는 개체 수가 아니에요.""]",과거 강치 개체 수의 모형 추정값은 당시 현장에서 전부 센 값과 구분해야 해요.,연구 방식: 과거 포획 기록을 넣고 번식과 사망에 관한 가정을 적용해 개체군을 계산했다.,,,https://www.mdpi.com/2077-1312/10/2/271 | https://www.mof.go.kr/doc/ko/selectDoc.do?bbsSeq=10&docSeq=45126&menuSeq=971
920100,910100,5,4,4,강치 연구의 번식 가정이 달라졌을 때 다시 해야 할 일은 무엇인가요?,"[""기존 계산값을 직접 관찰값으로 바꾸어 표시"", ""바뀐 가정으로 계산해 결과가 얼마나 달라지는지 비교"", ""포획 기록의 숫자를 결과에 맞게 바꾸기""]",2,모형 결과가 가정에 얼마나 의존하는지 확인하는 방법이에요.,"[""가정이 바뀌어도 계산값이 현장 관찰값으로 바뀌지는 않아요."", ""모형 결과가 가정에 얼마나 의존하는지 확인하는 방법이에요."", ""원기록을 바꾸는 것이 아니라 가정에 따른 결과 차이를 조사해야 해요.""]",과거 강치 개체 수의 모형 추정값은 당시 현장에서 전부 센 값과 구분해야 해요.,강치 개체군 모형은 포획 기록과 번식·사망 가정을 사용해요. 한 가정을 바꾸어 결과의 민감도를 살펴보려 해요.,,,https://www.mdpi.com/2077-1312/10/2/271 | https://www.mof.go.kr/doc/ko/selectDoc.do?bbsSeq=10&docSeq=45126&menuSeq=971
920101,910101,6,1,1,독도등대는 어느 큰 섬에 있나요?,"[""서도"", ""동도""]",2,등대는 동도에 있어요. 서도에는 주민숙소가 있어요.,"[""서도 주민숙소와 달리 독도등대는 동도 시설이에요."", ""등대는 동도에 있어요. 서도에는 주민숙소가 있어요.""]","독도등대는 동도에 있으며, 배가 바다에서 위치를 알아보는 데 도움을 주어요.",,,,https://dokdo.mofa.go.kr/kor/introduce/facility.jsp
920102,910102,6,2,2,독도등대가 바다를 지나는 배에 주는 도움은 무엇인가요?,"[""배가 닿을 접안 공간을 제공한다"", ""바닷물을 마실 물로 바꾼다"", ""빛으로 위치를 알아보게 한다""]",3,등대의 빛은 배가 바다에서 위치를 파악하는 항해 표지가 돼요.,"[""배가 닿는 공간은 접안시설의 역할이고, 등대는 항해 표지예요."", ""물을 만드는 역할은 담수화 시설이며 등대의 주요 역할과 달라요."", ""등대의 빛은 배가 바다에서 위치를 파악하는 항해 표지가 돼요.""]","독도등대는 동도에 있으며, 배가 바다에서 위치를 알아보는 데 도움을 주어요.",,,,https://dokdo.mofa.go.kr/kor/introduce/facility.jsp
920103,910103,6,3,3,동도에서 빛을 이용해 항해를 돕는 시설의 이름은 무엇인가요?,"[""독도등대"", ""접안시설"", ""담수화 시설""]",1,위치와 기능을 함께 읽으면 동도의 독도등대를 찾을 수 있어요.,"[""위치와 기능을 함께 읽으면 동도의 독도등대를 찾을 수 있어요."", ""접안시설은 배가 섬에 닿는 공간이며 빛을 보내는 등대와 달라요."", ""담수화 시설은 바닷물을 처리하는 설비예요.""]","독도등대는 동도에 있으며, 배가 바다에서 위치를 알아보는 데 도움을 주어요.",동도 시설 안내: 등대 — 항해를 돕는 빛 / 접안시설 — 배가 닿는 곳 / 담수시설 — 생활에 쓸 물을 만드는 설비.,,,https://dokdo.mofa.go.kr/kor/introduce/facility.jsp
920104,910104,6,4,3,독도에서 배의 위치 파악과 섬에 닿는 일을 각각 돕는 시설은 무엇인가요?,"[""접안시설 → 등대"", ""등대 → 접안시설"", ""담수시설 → 주민숙소""]",2,"등대는 항해 중 위치를 알아보게 하고, 접안시설은 실제로 배가 닿게 해요.","[""두 시설의 기능을 바꿔 놓았어요."", ""등대는 항해 중 위치를 알아보게 하고, 접안시설은 실제로 배가 닿게 해요."", ""두 시설은 물과 생활 공간을 제공하며 항해 표지와 접안 기능은 아니에요.""]","독도등대는 동도에 있으며, 배가 바다에서 위치를 알아보는 데 도움을 주어요.","배가 독도 가까이 왔어요. 먼저 항해 표지로 위치를 확인하고, 입도가 허용되면 지정된 곳에 배를 댑니다. 두 단계에 해당하는 시설을 순서대로 골라요.",,,https://dokdo.mofa.go.kr/kor/introduce/facility.jsp
920105,910105,6,1,1,일반 탐방객이 배에서 내리는 독도 선착장은 어느 큰 섬에 있나요?,"[""동도"", ""서도""]",1,입도 안내에서 일반 탐방객의 관람 공간은 동도 선착장으로 안내해요.,"[""입도 안내에서 일반 탐방객의 관람 공간은 동도 선착장으로 안내해요."", ""서도는 일반 탐방의 기본 하선 장소로 안내되지 않아요.""]",독도의 주요 접안시설은 동도에 있으며 배가 섬에 닿는 공간이에요.,,,,https://dokdo.mofa.go.kr/kor/introduce/facility.jsp | https://dokdo.mofa.go.kr/kor/introduce/residence.jsp
920106,910106,6,2,2,독도의 ‘접안시설’은 무엇을 하는 곳인가요?,"[""헬기가 착륙하는 곳"", ""밤에 빛으로 위치를 알리는 곳"", ""배가 섬에 닿고 사람이 내리는 곳""]",3,접안은 배를 육지나 시설에 대는 일이에요.,"[""헬기가 내리는 곳은 헬기장이며 선박 접안시설과 달라요."", ""그 기능은 등대의 항해 표지 역할이에요."", ""접안은 배를 육지나 시설에 대는 일이에요.""]",독도의 주요 접안시설은 동도에 있으며 배가 섬에 닿는 공간이에요.,,,,https://dokdo.mofa.go.kr/kor/introduce/facility.jsp | https://dokdo.mofa.go.kr/kor/introduce/residence.jsp
920107,910107,6,3,3,시설 안내에서 길이 80m로 소개된 동도 시설은 무엇인가요?,"[""접안시설"", ""등대"", ""주민숙소""]",1,자료의 80m는 동도 접안시설 길이에 붙어 있어요.,"[""자료의 80m는 동도 접안시설 길이에 붙어 있어요."", ""자료에서 80m를 등탑 높이로 제시한 것이 아니에요."", ""주민숙소는 서도 시설이며 80m 접안시설과 다릅니다.""]",독도의 주요 접안시설은 동도에 있으며 배가 섬에 닿는 공간이에요.,"동도 시설 자료: 접안시설 길이 80m. 등대와 경비대도 동도에 있으며, 주민숙소는 서도에 있다.",,,https://dokdo.mofa.go.kr/kor/introduce/facility.jsp | https://dokdo.mofa.go.kr/kor/introduce/residence.jsp
920108,910108,6,4,3,‘80m 접안시설’과 ‘두 섬 사이 151m’의 측정 대상은 어떻게 다른가요?,"[""둘 다 동도에서 서도까지 가는 거리"", ""80m는 시설 길이, 151m는 가장 가까운 해안 사이 거리"", ""80m는 동도 높이, 151m는 서도 높이""]",2,서로 다른 대상을 잰 값이므로 같은 길이라고 생각하거나 연결해서 더하지 않아요.,"[""80m는 동도 접안시설의 길이예요."", ""서로 다른 대상을 잰 값이므로 같은 길이라고 생각하거나 연결해서 더하지 않아요."", ""두 값 모두 이 자료에서는 높이를 뜻하지 않아요.""]",독도의 주요 접안시설은 동도에 있으며 배가 섬에 닿는 공간이에요.,"시설 자료: 동도 접안시설 80m.
지형 자료: 동도와 서도의 최근접 해안 사이 약 151m.",,,https://dokdo.mofa.go.kr/kor/introduce/facility.jsp | https://dokdo.mofa.go.kr/kor/introduce/residence.jsp
920109,910109,6,1,1,독도 주민숙소는 어느 큰 섬에 있나요?,"[""동도"", ""서도""]",2,주민숙소는 서도에 있는 생활 시설이에요.,"[""동도에는 등대와 경비대 등이 있지만 질문의 주민숙소는 서도에 있어요."", ""주민숙소는 서도에 있는 생활 시설이에요.""]",독도의 주민숙소는 서도에 있어요.,,,,https://dokdo.mofa.go.kr/kor/introduce/facility.jsp | https://www.mof.go.kr/doc/ko/selectDoc.do?bbsSeq=27&docSeq=20937&menuSeq=929
920110,910110,6,2,2,서도 주민숙소의 주된 기능은 무엇인가요?,"[""배의 위치를 알리는 항해 표지"", ""헬기 착륙 공간"", ""사람이 머무는 생활 공간""]",3,이름 그대로 독도에서 사람이 생활하는 공간으로 소개돼요.,"[""빛으로 배를 안내하는 것은 등대의 기능이에요."", ""헬기장은 착륙 시설이며 주민숙소와 다릅니다."", ""이름 그대로 독도에서 사람이 생활하는 공간으로 소개돼요.""]",독도의 주민숙소는 서도에 있어요.,,,,https://dokdo.mofa.go.kr/kor/introduce/facility.jsp | https://www.mof.go.kr/doc/ko/selectDoc.do?bbsSeq=27&docSeq=20937&menuSeq=929
920111,910111,6,3,3,시설 목록에서 서도에 속하는 항목은 무엇인가요?,"[""주민숙소"", ""독도등대"", ""독도경비대""]",1,목록에서 주민숙소의 섬이 서도로 표시돼요.,"[""목록에서 주민숙소의 섬이 서도로 표시돼요."", ""목록에서 등대는 동도 시설이에요."", ""목록에서 경비대는 동도 시설이에요.""]",독도의 주민숙소는 서도에 있어요.,"동도: 독도등대, 독도경비대.
서도: 주민숙소.",,,https://dokdo.mofa.go.kr/kor/introduce/facility.jsp | https://www.mof.go.kr/doc/ko/selectDoc.do?bbsSeq=27&docSeq=20937&menuSeq=929
920112,910112,6,4,4,‘독도의 생활 시설은 모두 동도에 있다’는 설명을 고칠 근거는 무엇인가요?,"[""등대가 동도에 있다"", ""주민숙소가 서도에 있다"", ""접안시설이 동도에 있다""]",2,서도 생활 시설의 구체적인 사례가 있으므로 ‘모두 동도’라는 설명은 틀려요.,"[""동도 시설의 사례만으로는 ‘모두 동도’라는 주장을 고칠 수 없어요."", ""서도 생활 시설의 구체적인 사례가 있으므로 ‘모두 동도’라는 설명은 틀려요."", ""이 사실도 동도 시설의 사례이므로 서도의 시설을 보여주지 못해요.""]",독도의 주민숙소는 서도에 있어요.,시설 확인: 주민숙소 — 서도 / 등대·경비대·주요 접안시설 — 동도.,,,https://dokdo.mofa.go.kr/kor/introduce/facility.jsp | https://www.mof.go.kr/doc/ko/selectDoc.do?bbsSeq=27&docSeq=20937&menuSeq=929
920113,910113,6,1,1,독도에서 바닷물을 생활에 쓸 물로 바꾸는 시설은 무엇인가요?,"[""등대"", ""접안시설"", ""담수화 시설""]",3,담수화는 바닷물의 소금을 줄이는 처리예요.,"[""등대는 항해 표지이며 물 처리 시설이 아니에요."", ""접안시설은 배가 닿는 곳이며 담수를 만드는 설비와 달라요."", ""담수화는 바닷물의 소금을 줄이는 처리예요.""]",담수화 시설은 바닷물의 소금을 줄여 생활에 쓸 물을 만들어요.,,,,https://dokdo.mofa.go.kr/kor/introduce/facility.jsp | https://www.dokdo.re.kr/home/cms/cmsCont.do?cntnts_sn=66
920114,910114,6,2,2,바닷물을 담수화할 때 주로 줄이려는 성분은 무엇인가요?,"[""소금"", ""물 자체"", ""모래만""]",1,바닷물에 녹아 있는 소금을 줄여 생활에 쓸 담수를 얻어요.,"[""바닷물에 녹아 있는 소금을 줄여 생활에 쓸 담수를 얻어요."", ""목표는 물을 없애는 것이 아니라 소금을 줄여 물을 얻는 것이에요."", ""모래를 걸러도 녹아 있는 소금이 그대로면 담수화가 된 것은 아니에요.""]",담수화 시설은 바닷물의 소금을 줄여 생활에 쓸 물을 만들어요.,,,,https://dokdo.mofa.go.kr/kor/introduce/facility.jsp | https://www.dokdo.re.kr/home/cms/cmsCont.do?cntnts_sn=66
920115,910115,6,3,3,독도의 물 공급에서 자연 식수원과 처리 시설을 바르게 짝지은 것은 무엇인가요?,"[""담수화 시설 — 물골"", ""물골 — 담수화 시설"", ""등대 — 접안시설""]",2,물골은 자연적으로 떨어지는 물을 얻던 곳이고 담수화 시설은 바닷물을 처리해요.,"[""질문은 자연 식수원을 먼저 물으므로 순서가 뒤바뀌었어요."", ""물골은 자연적으로 떨어지는 물을 얻던 곳이고 담수화 시설은 바닷물을 처리해요."", ""두 시설은 물 공급원이 아니라 항해·접안과 관련돼요.""]",담수화 시설은 바닷물의 소금을 줄여 생활에 쓸 물을 만들어요.,"물골: 서도에서 바위의 물을 얻던 곳.
담수화 시설: 바닷물에서 소금을 줄이는 설비.",,,https://dokdo.mofa.go.kr/kor/introduce/facility.jsp | https://www.dokdo.re.kr/home/cms/cmsCont.do?cntnts_sn=66
920116,910116,6,4,3,바닷물에서 모래만 걸렀다면 독도 생활용 담수를 만든 것인가요?,"[""네, 맑아 보이면 소금도 모두 사라져요"", ""네, 물을 차갑게 만들면 모두 담수가 돼요"", ""아니요, 녹아 있는 소금도 줄여야 해요""]",3,눈에 보이는 모래와 물속에 녹아 있는 염분은 다르므로 모래 제거만으로 담수화가 되지 않아요.,"[""소금이 녹아 있어도 물은 맑아 보일 수 있어요."", ""단순히 온도를 낮추는 것은 소금을 제거하는 처리와 다릅니다."", ""눈에 보이는 모래와 물속에 녹아 있는 염분은 다르므로 모래 제거만으로 담수화가 되지 않아요.""]",담수화 시설은 바닷물의 소금을 줄여 생활에 쓸 물을 만들어요.,독도 담수화 시설의 목적은 바닷물의 소금을 줄여 생활에 쓸 물을 얻는 것이에요. 모래는 입자이고 소금은 물에 녹아 있을 수 있어요.,,,https://dokdo.mofa.go.kr/kor/introduce/facility.jsp | https://www.dokdo.re.kr/home/cms/cmsCont.do?cntnts_sn=66
920117,910117,6,1,1,동도 선착장에서 위쪽 시설로 걸어갈 때 이용하는 길은 무엇인가요?,"[""계단과 길"", ""화물 운반 케이블"", ""배가 다니는 항로""]",1,동도 선착장에서 위쪽 시설로는 계단과 길을 따라 걸어 올라가요.,"[""동도 선착장에서 위쪽 시설로는 계단과 길을 따라 걸어 올라가요."", ""케이블은 짐을 옮기는 시설이에요. 질문은 사람이 걸어가는 계단과 길을 물어요."", ""항로는 배가 바다에서 다니는 길이에요. 동도 안에서 걸어 올라가는 길은 계단과 길이에요.""]",동도 선착장과 상부 시설은 다른 장소이며 길과 운반 시설로 연결돼요.,,,,https://dokdo.mofa.go.kr/kor/introduce/facility.jsp | https://www.jbe.go.kr/dokdo/assets/sub/picture.html
920118,910118,6,2,2,동도 경사면의 계단은 선착장과 어느 곳을 연결하나요?,"[""서도 주민숙소"", ""위쪽의 관리 시설"", ""울릉도 항구""]",2,동도는 높낮이가 있어 선착장에서 상부 시설까지 올라가는 길이 필요해요.,"[""주민숙소는 바다 건너 서도에 있어 동도 계단만으로 이어지지 않아요."", ""동도는 높낮이가 있어 선착장에서 상부 시설까지 올라가는 길이 필요해요."", ""울릉도는 독도와 떨어진 다른 섬이므로 육상 계단으로 이어지지 않아요.""]",동도 선착장과 상부 시설은 다른 장소이며 길과 운반 시설로 연결돼요.,,,,https://dokdo.mofa.go.kr/kor/introduce/facility.jsp | https://www.jbe.go.kr/dokdo/assets/sub/picture.html
920119,910119,6,3,3,동도 선착장과 경비대 사이 시설로 안내된 것은 무엇인가요?,"[""철도"", ""서도까지의 교량"", ""케이블카""]",3,주요 시설 안내에는 선착장과 경비대 사이 케이블카가 나와요.,"[""자료에서 이 구간의 시설은 철도가 아니라 케이블카로 안내돼요."", ""설명은 동도 안의 선착장과 경비대 구간이며 두 섬을 잇는 다리가 아니에요."", ""주요 시설 안내에는 선착장과 경비대 사이 케이블카가 나와요.""]",동도 선착장과 상부 시설은 다른 장소이며 길과 운반 시설로 연결돼요.,독도 주요시설 안내: 동도 선착장과 경비대 사이에 길이 300m의 케이블카가 설치되어 있다. 일반 관광객용 이용을 뜻하는 설명은 아니에요.,,,https://dokdo.mofa.go.kr/kor/introduce/facility.jsp | https://www.jbe.go.kr/dokdo/assets/sub/picture.html
920120,910120,6,4,3,동도 선착장부터 정상 시설까지 실제 이동 거리를 알아보려면 무엇을 재야 하나요?,"[""계단과 굽은 길을 따라 잰 거리"", ""사진 위 두 점의 직선만"", ""동도 전체 해안선 길이""]",1,실제 이동은 길을 따라가므로 출발점과 끝점을 잇는 직선만 재면 부족해요.,"[""실제 이동은 길을 따라가므로 출발점과 끝점을 잇는 직선만 재면 부족해요."", ""직선은 길의 굽음과 높낮이를 반영하지 못할 수 있어요."", ""해안선 둘레는 선착장부터 상부 시설까지의 길과 다른 거리예요.""]",동도 선착장과 상부 시설은 다른 장소이며 길과 운반 시설로 연결돼요.,동도에는 선착장에서 상부 시설로 올라가는 계단과 굽은 길이 있어요. 실제 걷는 길의 길이를 구하려고 해요.,,,https://dokdo.mofa.go.kr/kor/introduce/facility.jsp | https://www.jbe.go.kr/dokdo/assets/sub/picture.html
920121,910121,7,1,1,우산·무릉 두 섬을 기록한 조선의 지리 기록은 무엇인가요?,"[""대한제국 칙령 제41호"", ""『세종실록』 지리지"", ""일본 태정관지령""]",2,이 기록은 조선의 지역 정보를 설명하며 우산·무릉 두 섬을 적고 있어요.,"[""칙령 제41호는 1900년의 행정 명령으로 질문의 조선 지리지와 달라요."", ""이 기록은 조선의 지역 정보를 설명하며 우산·무릉 두 섬을 적고 있어요."", ""태정관지령은 1877년 일본의 행정 문서예요.""]",『세종실록』 지리지의 우산·무릉은 대한민국 외교부 해설에서 독도·울릉도로 풀이돼요.,,지리지는 한 나라의 여러 지역과 산·강·섬을 설명한 기록이에요.,옛 지명과 현대 지명의 대응은 대한민국 외교부의 역문·해설을 따랐어요.,https://dokdo.mofa.go.kr/kor/pds/part06_view02.jsp
920122,910122,7,2,2,『세종실록』 지리지의 ‘무릉’은 오늘날 어느 섬으로 풀이되나요?,"[""독도"", ""제주도"", ""울릉도""]",3,"지명 해설에서는 무릉을 울릉도, 우산을 독도로 풀이해요.","[""해설에서 독도로 풀이하는 이름은 우산이에요."", ""이 기록의 두 섬에 관한 지명 해설은 독도와 울릉도를 대상으로 해요."", ""지명 해설에서는 무릉을 울릉도, 우산을 독도로 풀이해요.""]",『세종실록』 지리지의 우산·무릉은 대한민국 외교부 해설에서 독도·울릉도로 풀이돼요.,,,옛 지명과 현대 지명의 대응은 대한민국 외교부의 역문·해설을 따랐어요.,https://dokdo.mofa.go.kr/kor/pds/part06_view02.jsp
920123,910123,7,3,3,『세종실록』 지리지는 두 섬을 볼 수 있는 때를 어떻게 설명하나요?,"[""날씨가 맑을 때"", ""안개가 짙을 때"", ""밤이면 언제나""]",1,역문의 ‘풍일이 청명하면’은 날씨가 맑을 때라는 뜻이에요.,"[""역문의 ‘풍일이 청명하면’은 날씨가 맑을 때라는 뜻이에요."", ""짙은 안개가 아니라 맑은 날을 가시성 조건으로 적었어요."", ""제시된 기록은 매일 밤을 말하지 않고 날씨 조건을 말해요.""]",『세종실록』 지리지의 우산·무릉은 대한민국 외교부 해설에서 독도·울릉도로 풀이돼요.,역문 요약: 우산·무릉 두 섬은 서로 멀지 않아 날씨가 맑으면 바라볼 수 있다. 옛 기록의 설명이며 매일 보인다는 뜻은 아니에요.,,옛 지명과 현대 지명의 대응은 대한민국 외교부의 역문·해설을 따랐어요.,https://dokdo.mofa.go.kr/kor/pds/part06_view02.jsp
920124,910124,7,4,3,지명 대응표에 따라 ‘우산·무릉’을 현대 지명 순서로 바꾸면 무엇인가요?,"[""울릉도·독도"", ""독도·울릉도"", ""독도·죽도""]",2,"대응표에서 우산은 독도, 무릉은 울릉도이므로 이 순서예요.","[""두 지명의 순서를 뒤바꿨어요."", ""대응표에서 우산은 독도, 무릉은 울릉도이므로 이 순서예요."", ""무릉은 이 해설에서 죽도가 아니라 울릉도로 풀이돼요.""]",『세종실록』 지리지의 우산·무릉은 대한민국 외교부 해설에서 독도·울릉도로 풀이돼요.,옛 지명 대응표: 우산 → 독도 / 무릉 → 울릉도. 이 표는 대한민국 외교부의 해당 기록 해설을 정리한 것이며 모든 시대의 같은 이름에 자동 적용하지 않아요.,,옛 지명과 현대 지명의 대응은 대한민국 외교부의 역문·해설을 따랐어요.,https://dokdo.mofa.go.kr/kor/pds/part06_view02.jsp
920125,910125,7,1,1,『세종실록』 지리지를 만든 나라는 어디인가요?,"[""에도 시대 일본"", ""대한제국"", ""조선""]",3,『세종실록』은 조선의 왕과 시대를 기록한 실록이고 지리지도 그 기록에 포함돼요.,"[""에도 막부의 명령과 조선의 『세종실록』 지리지는 다른 나라의 자료예요."", ""대한제국은 훨씬 뒤의 국가 체제이며 이 지리지는 조선 기록이에요."", ""『세종실록』은 조선의 왕과 시대를 기록한 실록이고 지리지도 그 기록에 포함돼요.""]",조선의 지리 기록은 당시 나라가 지역과 섬을 어떻게 파악했는지 보여주는 역사 자료예요.,,,,https://dokdo.mofa.go.kr/kor/pds/part06_view02.jsp
920126,910126,7,2,2,『세종실록』의 ‘지리지’는 주로 무엇을 설명한 부분인가요?,"[""지역과 지리 정보"", ""배가 따를 항해 금지 명령만"", ""1900년 행정 개편 명령""]",1,지리지는 지역의 위치와 산·강·섬 등 지리 정보를 설명해요.,"[""지리지는 지역의 위치와 산·강·섬 등 지리 정보를 설명해요."", ""지리지는 항해 금지 명령 하나가 아니라 여러 지역 정보를 담은 기록이에요."", ""1900년의 행정 개편은 대한제국 칙령 제41호와 관련돼요.""]",조선의 지리 기록은 당시 나라가 지역과 섬을 어떻게 파악했는지 보여주는 역사 자료예요.,,,,https://dokdo.mofa.go.kr/kor/pds/part06_view02.jsp
920127,910127,7,3,3,『세종실록』 지리지의 두 섬 기록에서 확인할 수 있는 사실은 무엇인가요?,"[""1900년 칙령이 이때 발표되었다"", ""조선의 지리 기록에 우산·무릉이 등장한다"", ""현재 섬의 모든 건물이 당시에도 있었다""]",2,두 이름이 적혀 있다는 것은 제시된 원자료에서 직접 확인하는 내용이에요.,"[""『세종실록』 지리지와 1900년 칙령은 서로 다른 시대의 자료예요."", ""두 이름이 적혀 있다는 것은 제시된 원자료에서 직접 확인하는 내용이에요."", ""이 발췌문에는 현대 시설의 존재를 확인할 내용이 없어요.""]",조선의 지리 기록은 당시 나라가 지역과 섬을 어떻게 파악했는지 보여주는 역사 자료예요.,『세종실록』 지리지에는 우산·무릉 두 섬의 위치와 맑은 날의 가시성에 관한 설명이 있다.,,,https://dokdo.mofa.go.kr/kor/pds/part06_view02.jsp
920128,910128,7,4,3,『세종실록』 지리지로 독도 관련 역사를 설명할 때 어떤 정보를 먼저 밝혀야 하나요?,"[""현대 기관이 공개했으니 현대에 작성됐다는 설명"", ""섬 이름만 보고 현재 지도와 완전히 같은 자료라는 설명"", ""조선의 지리 기록이라는 성격과 기록된 시기""]",3,누가 언제 어떤 종류의 기록을 만들었는지 밝혀야 당시의 자료로 읽을 수 있어요.,"[""공개한 시기와 원문이 만들어진 시기를 혼동하면 안 돼요."", ""옛 기록과 현재 지도는 시기와 표현 방식이 달라요."", ""누가 언제 어떤 종류의 기록을 만들었는지 밝혀야 당시의 자료로 읽을 수 있어요.""]",조선의 지리 기록은 당시 나라가 지역과 섬을 어떻게 파악했는지 보여주는 역사 자료예요.,"자료 소개 카드 만들기: 『세종실록』 지리지, 조선의 지리 기록, 1454년 편찬 기록으로 소개됨. 현재의 대한민국 외교부가 역문과 해설을 공개하고 있다.",,,https://dokdo.mofa.go.kr/kor/pds/part06_view02.jsp
920129,910129,7,1,1,1693년 울릉도에서 박어둔과 함께 일본으로 끌려간 사람은 누구인가요?,"[""안용복"", ""심흥택"", ""이사부""]",1,1693년 사건의 두 조선 어민은 안용복과 박어둔이에요.,"[""1693년 사건의 두 조선 어민은 안용복과 박어둔이에요."", ""심흥택은 1906년 독도 상황을 보고한 울도군수로, 이 사건의 인물과 달라요."", ""이사부는 우산국 관련 더 이른 시대의 인물이며 1693년 사건의 당사자가 아니에요.""]","안용복과 박어둔은 1693년 울릉도에서 어업 중 일본으로 끌려갔고, 이 사건은 울릉도 관련 교섭의 계기가 되었어요.",,,,https://dokdo.mofa.go.kr/kor/include/print_faq.jsp?class_faq=q5 | https://dokdo.mofa.go.kr/m/kor/dokdo/reason_list.jsp
920130,910130,7,2,1,1693년 안용복과 박어둔이 어업을 하던 섬은 어디인가요?,"[""제주도"", ""울릉도"", ""오키섬""]",2,두 사람은 울릉도에서 어업을 하다가 일본으로 끌려갔어요.,"[""제시된 사건의 어업 장소는 제주도가 아니라 울릉도예요."", ""두 사람은 울릉도에서 어업을 하다가 일본으로 끌려갔어요."", ""오키섬은 안용복의 일본 관련 기록에 등장하지만 이 사건의 어업 장소는 울릉도예요.""]","안용복과 박어둔은 1693년 울릉도에서 어업 중 일본으로 끌려갔고, 이 사건은 울릉도 관련 교섭의 계기가 되었어요.",,,,https://dokdo.mofa.go.kr/kor/include/print_faq.jsp?class_faq=q5 | https://dokdo.mofa.go.kr/m/kor/dokdo/reason_list.jsp
920131,910131,7,3,3,1693년 두 어민 사건 뒤 교섭의 대상이 된 섬은 어디인가요?,"[""제주도"", ""대마도 자체"", ""울릉도""]",3,사건이 일어난 울릉도의 소속과 도해 문제를 두고 교섭이 이어졌어요.,"[""자료의 교섭 대상은 제주도가 아니에요."", ""대마도는 교섭 경로에 등장할 수 있지만 이 발췌가 말하는 섬은 울릉도예요."", ""사건이 일어난 울릉도의 소속과 도해 문제를 두고 교섭이 이어졌어요.""]","안용복과 박어둔은 1693년 울릉도에서 어업 중 일본으로 끌려갔고, 이 사건은 울릉도 관련 교섭의 계기가 되었어요.",1693년 울릉도에서 어업하던 안용복과 박어둔이 일본으로 끌려갔다. 이 사건을 계기로 조선과 일본 사이 울릉도 관련 교섭이 이어졌다.,,,https://dokdo.mofa.go.kr/kor/include/print_faq.jsp?class_faq=q5 | https://dokdo.mofa.go.kr/m/kor/dokdo/reason_list.jsp
920132,910132,7,4,3,안용복의 1693년 사건과 1696년 활동을 구분한 것은 무엇인가요?,"[""1693년: 일본으로 끌려감 / 1696년: 다시 일본에 감"", ""1693년: 다시 일본에 감 / 1696년: 처음 끌려감"", ""두 기록 모두 1693년 첫 사건만 가리킴""]",1,자료에 제시된 두 해의 경위를 그대로 구분했어요.,"[""자료에 제시된 두 해의 경위를 그대로 구분했어요."", ""두 해의 사건 경위를 반대로 연결했어요."", ""1696년에는 별도의 활동이 기록되어 있어 두 사건을 하나로 합칠 수 없어요.""]","안용복과 박어둔은 1693년 울릉도에서 어업 중 일본으로 끌려갔고, 이 사건은 울릉도 관련 교섭의 계기가 되었어요.",안용복 관련 연표: 1693년 울릉도에서 일본으로 끌려감 / 1696년 다시 일본으로 건너가 활동함.,,,https://dokdo.mofa.go.kr/kor/include/print_faq.jsp?class_faq=q5 | https://dokdo.mofa.go.kr/m/kor/dokdo/reason_list.jsp
920133,910133,7,1,1,안용복의 활동을 기록한 조선의 실록은 무엇인가요?,"[""『세종실록』"", ""『숙종실록』"", ""1900년 관보""]",2,안용복은 숙종 때 활동했으며 관련 진술이 『숙종실록』에 기록돼요.,"[""세종 때의 지리 기록과 숙종 때 안용복의 활동은 시대가 달라요."", ""안용복은 숙종 때 활동했으며 관련 진술이 『숙종실록』에 기록돼요."", ""관보는 대한제국의 공표 기록이며 조선 왕의 실록이 아니에요.""]",안용복의 1696년 활동은 조선의 기록과 일본 오키섬 조사 기록을 함께 대조해 살펴볼 수 있어요.,,,,https://dokdo.mofa.go.kr/kor/include/print_faq.jsp?class_faq=q5
920134,910134,7,2,1,1696년 안용복 일행을 조사한 일본 측 기록은 어느 섬과 관련되나요?,"[""제주도"", ""울릉도"", ""오키섬""]",3,대한민국 외교부는 오키섬에서 조사한 기록을 관련 일본 자료로 소개해요.,"[""제주도는 이 일본 측 조사 기록의 장소가 아니에요."", ""울릉도는 사건의 핵심 섬이지만 일본 측 조사 기록의 장소는 오키섬이에요."", ""대한민국 외교부는 오키섬에서 조사한 기록을 관련 일본 자료로 소개해요.""]",안용복의 1696년 활동은 조선의 기록과 일본 오키섬 조사 기록을 함께 대조해 살펴볼 수 있어요.,,,,https://dokdo.mofa.go.kr/kor/include/print_faq.jsp?class_faq=q5
920135,910135,7,3,3,1696년 안용복 활동을 양쪽 기록으로 비교할 때 짝지을 자료는 무엇인가요?,"[""『숙종실록』과 1696년 오키섬 조사 기록"", ""1900년 칙령 제41호와 1906년 지령 제3호"", ""『세종실록』 지리지와 1877년 태정관지령""]",1,두 자료는 각각 조선과 일본에서 안용복의 해당 활동을 기록해요.,"[""두 자료는 각각 조선과 일본에서 안용복의 해당 활동을 기록해요."", ""독도 역사 자료이지만 안용복의 1696년 활동을 직접 기록한 두 자료가 아니에요."", ""두 문서는 다른 시기의 기록으로 이번 인물·사건 비교의 짝이 아니에요.""]",안용복의 1696년 활동은 조선의 기록과 일본 오키섬 조사 기록을 함께 대조해 살펴볼 수 있어요.,관련 자료 목록: 조선 『숙종실록』의 안용복 진술 / 일본 오키섬의 1696년 안용복 일행 조사 기록.,,,https://dokdo.mofa.go.kr/kor/include/print_faq.jsp?class_faq=q5
920136,910136,7,4,3,두 안용복 기록에서 같은 사건을 대조하려면 무엇을 먼저 맞춰야 하나요?,"[""인물 이름만 맞추고 방문 연도는 제외"", ""인물·시기·방문 장소"", ""방문 장소만 맞추고 인물과 시기는 제외""]",2,두 기록이 같은 활동을 다루는지 먼저 확인해야 내용을 대조할 수 있어요.,"[""안용복은 1693년과 1696년에 다른 경위로 일본에 갔으므로 연도를 빼면 혼동해요."", ""두 기록이 같은 활동을 다루는지 먼저 확인해야 내용을 대조할 수 있어요."", ""같은 장소를 다른 사람이 다른 해에 방문한 기록일 수 있어요.""]",안용복의 1696년 활동은 조선의 기록과 일본 오키섬 조사 기록을 함께 대조해 살펴볼 수 있어요.,안용복은 1693년과 1696년에 서로 다른 경위로 일본에 갔어요. 이번 비교 대상은 1696년 활동에 관한 조선·일본 기록이에요.,,,https://dokdo.mofa.go.kr/kor/include/print_faq.jsp?class_faq=q5
920137,910137,7,1,1,1696년 일본 에도 막부의 울릉도 도해금지령은 어느 달에 내려졌나요?,"[""5월"", ""10월"", ""1월""]",3,연표에는 울릉도 도해금지령이 1696년 1월에 나와요.,"[""5월은 같은 연표에서 안용복의 도해와 연결되는 달이에요."", ""10월은 제시된 1696년 금지령의 달이 아니에요."", ""연표에는 울릉도 도해금지령이 1696년 1월에 나와요.""]","1696년 1월 울릉도 도해금지령이 먼저이고, 안용복의 5월 일본 도해는 그 뒤예요.",,사건 순서 보기: 1696년 1월 금지령 → 5월 안용복의 일본 도해.,,https://dokdo.mofa.go.kr/m/kor/dokdo/reason_list.jsp | https://dokdo.mofa.go.kr/kor/pds/part05_view06.jsp
920138,910138,7,2,2,1696년에 먼저 일어난 것은 무엇인가요?,"[""울릉도 도해금지령"", ""안용복의 5월 일본 도해""]",1,1월의 금지령이 5월의 도해보다 먼저예요.,"[""1월의 금지령이 5월의 도해보다 먼저예요."", ""5월은 1월보다 뒤이므로 이 사건이 나중이에요.""]","1696년 1월 울릉도 도해금지령이 먼저이고, 안용복의 5월 일본 도해는 그 뒤예요.",,1696년 1월: 울릉도 도해금지령 / 같은 해 5월: 안용복 일본 도해.,,https://dokdo.mofa.go.kr/m/kor/dokdo/reason_list.jsp | https://dokdo.mofa.go.kr/kor/pds/part05_view06.jsp
920139,910139,7,3,3,안용복의 5월 도해보다 앞선 사건을 연표에서 고르면 무엇인가요?,"[""1월 일본 에도 막부의 금지령"", ""1900년 대한제국 칙령 제41호"", ""1906년 심흥택 보고""]",1,같은 해이지만 1월이 5월보다 앞서므로 금지령이 먼저예요.,"[""같은 해이지만 1월이 5월보다 앞서므로 금지령이 먼저예요."", ""1900년은 1696년보다 뒤예요."", ""1906년은 1696년보다 뒤예요.""]","1696년 1월 울릉도 도해금지령이 먼저이고, 안용복의 5월 일본 도해는 그 뒤예요.",연표: 1696년 1월 울릉도 도해금지령 → 1696년 5월 안용복 일본 도해 → 1900년 칙령 제41호 → 1906년 심흥택 보고.,,,https://dokdo.mofa.go.kr/m/kor/dokdo/reason_list.jsp | https://dokdo.mofa.go.kr/kor/pds/part05_view06.jsp
920140,910140,7,4,4,‘1696년 5월 도해 때문에 그해 1월 금지령이 내려졌다’는 설명은 왜 틀렸나요?,"[""두 사건이 같은 달 같은 날이어서"", ""원인이라고 한 사건이 금지령보다 뒤에 일어나서"", ""금지령이 1900년에 내려졌기 때문에""]",2,이 연표의 순서로는 나중의 5월 사건이 앞선 1월 명령을 일으켰다고 할 수 없어요.,"[""연표는 1월과 5월로 구분하므로 같은 날이라는 설명은 맞지 않아요."", ""이 연표의 순서로는 나중의 5월 사건이 앞선 1월 명령을 일으켰다고 할 수 없어요."", ""1696년 금지령과 1900년 칙령 제41호를 혼동했어요.""]","1696년 1월 울릉도 도해금지령이 먼저이고, 안용복의 5월 일본 도해는 그 뒤예요.","1696년 1월: 일본 에도 막부가 울릉도 도해를 금지.
1696년 5월: 안용복이 일본으로 건너감.",,,https://dokdo.mofa.go.kr/m/kor/dokdo/reason_list.jsp | https://dokdo.mofa.go.kr/kor/pds/part05_view06.jsp
920141,910141,8,1,1,1900년 울릉도를 울도로 이름 바꾼 명령은 무엇인가요?,"[""대한제국 칙령 제41호"", ""울릉도 도해금지령"", ""태정관지령"", ""지령 제3호""]",1,칙령 제41호 제1조에 이름과 행정 책임자 변경이 나와요.,"[""칙령 제41호 제1조에 이름과 행정 책임자 변경이 나와요."", ""도해금지령은 1696년 일본 어민의 울릉도 도항을 금지한 명령이에요."", ""태정관지령은 1877년 일본의 행정 문서이며 1900년 대한제국의 칙령과 달라요."", ""지령 제3호는 1906년 독도 관련 보고에 대한 대한제국의 대응이에요.""]",1900년 대한제국 칙령 제41호는 울릉도를 울도로 바꾸고 행정 체계를 정했어요.,,칙령은 황제가 내리는 명령이에요. 대한제국 칙령 제41호는 1900년에 발표됐어요.,,https://dokdo.mofa.go.kr/kor/pds/part02_view02.jsp
920142,910142,8,2,1,칙령 제41호에서 울릉도의 행정 이름을 무엇으로 바꾸었나요?,"[""우산국"", ""오키군"", ""울도""]",3,제1조는 울릉도를 울도로 개칭한다고 규정해요.,"[""우산국은 더 이른 역사에 등장하는 이름이며 칙령의 새 행정 이름은 울도예요."", ""칙령에서 정한 이름은 일본 지명이 아니라 울도예요."", ""제1조는 울릉도를 울도로 개칭한다고 규정해요.""]",1900년 대한제국 칙령 제41호는 울릉도를 울도로 바꾸고 행정 체계를 정했어요.,,,,https://dokdo.mofa.go.kr/kor/pds/part02_view02.jsp
920143,910143,8,3,3,제시된 칙령 제1조의 이름 변경 전후를 바르게 연결한 것은 무엇인가요?,"[""울릉도 → 울도"", ""울도 → 울릉도"", ""독도 → 죽도""]",1,원문의 앞 이름과 바꾼 뒤 이름을 이 순서로 연결해요.,"[""원문의 앞 이름과 바꾼 뒤 이름을 이 순서로 연결해요."", ""이름 변경 방향을 뒤바꿨어요."", ""제1조의 해당 구절은 독도와 죽도의 이름 변경이 아니에요.""]",1900년 대한제국 칙령 제41호는 울릉도를 울도로 바꾸고 행정 체계를 정했어요.,칙령 제41호 제1조의 쉬운 풀이: 울릉도를 울도로 이름 바꾸고 강원도에 속하게 한다.,,,https://dokdo.mofa.go.kr/kor/pds/part02_view02.jsp
920144,910144,8,4,3,칙령 제41호 제1조에서 함께 바뀐 두 항목은 무엇인가요?,"[""관할 섬 목록과 군청 위치"", ""행정 이름과 책임 관리의 직책"", ""군수의 봉급과 세금 부담""]",2,"제1조는 울릉도에서 울도로, 도감에서 군수로 바꾸는 내용을 담아요.","[""이 항목들은 제2조에서 다루며 제시한 제1조의 두 변경과 달라요."", ""제1조는 울릉도에서 울도로, 도감에서 군수로 바꾸는 내용을 담아요."", ""이 항목들은 제시한 이름·직책 변경 구절의 내용이 아니에요.""]",1900년 대한제국 칙령 제41호는 울릉도를 울도로 바꾸고 행정 체계를 정했어요.,제1조 요약: 울릉도를 울도로 개칭한다. 도감을 군수로 바꾼다. 군수는 군의 행정을 맡는 관리이다.,,,https://dokdo.mofa.go.kr/kor/pds/part02_view02.jsp
920145,910145,8,1,1,칙령 제41호는 울릉도의 도감을 어떤 관리로 바꾸도록 했나요?,"[""관찰사"", ""내부대신"", ""군수""]",3,제1조가 도감을 대신하도록 정한 행정 직책이에요.,"[""관찰사는 도 단위의 관리이며 해당 조항의 교체 직책은 군수예요."", ""중앙의 대신이 아니라 군의 행정을 맡는 군수로 바꾸었어요."", ""제1조가 도감을 대신하도록 정한 행정 직책이에요.""]",칙령 제41호는 도감을 군수로 바꾸도록 했고 군수는 군의 행정을 맡는 관리예요.,,,,https://dokdo.mofa.go.kr/kor/pds/part02_view02.jsp
920146,910146,8,2,2,‘울도군수’에서 군수는 무엇을 맡는 관리인가요?,"[""군의 행정"", ""배 한 척의 운항"", ""등대 한 곳의 불빛 관리""]",1,군수는 군이라는 행정 구역의 일을 맡는 관리예요.,"[""군수는 군이라는 행정 구역의 일을 맡는 관리예요."", ""배 운항의 책임자는 선장이며 군수와 역할이 달라요."", ""등대 관리 업무와 군 전체의 행정 책임은 구분해요.""]",칙령 제41호는 도감을 군수로 바꾸도록 했고 군수는 군의 행정을 맡는 관리예요.,,,,https://dokdo.mofa.go.kr/kor/pds/part02_view02.jsp
920147,910147,8,3,3,칙령 제41호 제1조의 직책 변경 방향은 무엇인가요?,"[""군수 → 도감"", ""도감 → 군수"", ""도감 → 관찰사""]",2,도감을 군수로 바꾼다는 구절과 같아요.,"[""변경 방향을 뒤집었어요."", ""도감을 군수로 바꾼다는 구절과 같아요."", ""바꾸는 직책은 관찰사가 아니라 군수예요.""]",칙령 제41호는 도감을 군수로 바꾸도록 했고 군수는 군의 행정을 맡는 관리예요.,칙령 제41호 제1조 역문 요약: 도감을 군수로 개정한다.,,,https://dokdo.mofa.go.kr/kor/pds/part02_view02.jsp
920148,910148,8,4,2,울도군수가 관할 구역의 상황을 상부에 보고하는 일은 어떤 역할과 연결되나요?,"[""강원도 전체의 행정을 맡는 역할"", ""나라 전체의 칙령을 내리는 역할"", ""관할 구역의 상황을 관리하고 보고하는 역할""]",3,군의 행정 책임과 지역 상황 보고가 연결돼요.,"[""울도군수는 군의 관리이며 도 전체의 관찰사와 범위가 달라요."", ""칙령을 내리는 황제와 군수의 역할은 다릅니다."", ""군의 행정 책임과 지역 상황 보고가 연결돼요.""]",칙령 제41호는 도감을 군수로 바꾸도록 했고 군수는 군의 행정을 맡는 관리예요.,군수는 군의 행정을 맡는 관리예요. 관할 구역에서 일어난 중요한 상황을 살피고 상부에 보고할 수 있어요.,,,https://dokdo.mofa.go.kr/kor/pds/part02_view02.jsp
920149,910149,8,1,1,칙령 제41호 제2조에 적힌 관할 섬 이름은 무엇인가요?,"[""석도"", ""오키섬"", ""제주도""]",1,제2조는 울릉전도·죽도·석도를 관할한다고 적고 있어요.,"[""제2조는 울릉전도·죽도·석도를 관할한다고 적고 있어요."", ""오키섬은 제2조의 관할 목록에 없어요."", ""제주도는 이 조항의 관할 목록에 포함되지 않아요.""]","칙령 제41호 제2조는 울릉전도·죽도·석도를 관할로 적었고, 대한민국 외교부는 석도를 독도로 풀이해요.",,제2조 관할 목록: 울릉전도·죽도·석도. 관할은 관리 책임이 미치는 구역이라는 뜻이에요.,원문의 지명과 현대 지명 풀이를 구분했어요. 대한민국 외교부는 이 칙령을 대한제국의 독도 관할을 보여주는 자료로 설명해요.,https://dokdo.mofa.go.kr/kor/pds/part02_view02.jsp | https://dokdo.mofa.go.kr/kor/include/print_faq.jsp?class_faq=q8
920150,910150,8,2,2,칙령 제41호에 적힌 ‘석도’는 오늘날 어느 섬으로 풀이되나요?,"[""울릉도"", ""독도"", ""오키섬""]",2,대한민국 외교부는 제2조의 석도를 독도로 풀이하며 울도군 관할에 독도를 명시한 자료로 설명해요.,"[""울릉도 전체는 원문에서 울릉전도로 따로 적혀 있어요."", ""대한민국 외교부는 제2조의 석도를 독도로 풀이하며 울도군 관할에 독도를 명시한 자료로 설명해요."", ""해당 해설은 석도를 오키섬이 아니라 독도로 풀이해요.""]","칙령 제41호 제2조는 울릉전도·죽도·석도를 관할로 적었고, 대한민국 외교부는 석도를 독도로 풀이해요.",,제2조의 원문 지명은 울릉전도·죽도·석도예요. 이 수업의 현대 지명 풀이는 대한민국 외교부가 공개한 해설을 따랐어요.,원문의 지명과 현대 지명 풀이를 구분했어요. 대한민국 외교부는 이 칙령을 대한제국의 독도 관할을 보여주는 자료로 설명해요.,https://dokdo.mofa.go.kr/kor/pds/part02_view02.jsp | https://dokdo.mofa.go.kr/kor/include/print_faq.jsp?class_faq=q8
920151,910151,8,3,3,칙령 제41호의 관할 구역을 빠짐없이 적은 것은 무엇인가요?,"[""울릉전도·죽도"", ""울릉전도·석도·오키섬"", ""울릉전도·죽도·석도""]",3,제2조의 세 지명을 모두 포함해요.,"[""제2조에 적힌 석도가 빠졌어요."", ""죽도가 빠지고 원문 목록에 없는 오키섬이 추가됐어요."", ""제2조의 세 지명을 모두 포함해요.""]","칙령 제41호 제2조는 울릉전도·죽도·석도를 관할로 적었고, 대한민국 외교부는 석도를 독도로 풀이해요.",제2조 역문 요약: 구역은 울릉전도와 죽도·석도를 관할할 것.,,원문의 지명과 현대 지명 풀이를 구분했어요. 대한민국 외교부는 이 칙령을 대한제국의 독도 관할을 보여주는 자료로 설명해요.,https://dokdo.mofa.go.kr/kor/pds/part02_view02.jsp | https://dokdo.mofa.go.kr/kor/include/print_faq.jsp?class_faq=q8
920152,910152,8,4,3,칙령 제41호를 ‘울릉도 한 섬만 관리한 문서’로 설명할 때 빠지는 내용은 무엇인가요?,"[""죽도와 석도도 관할 목록에 있다는 점"", ""오키섬이 관할 목록에 있다는 점"", ""제주도가 관할 목록에 있다는 점""]",1,울릉전도 다음에 적힌 두 지명도 빼지 않고 읽어야 해요.,"[""울릉전도 다음에 적힌 두 지명도 빼지 않고 읽어야 해요."", ""원문 목록에는 오키섬이 없어요."", ""원문 목록에는 제주도가 없어요.""]","칙령 제41호 제2조는 울릉전도·죽도·석도를 관할로 적었고, 대한민국 외교부는 석도를 독도로 풀이해요.",칙령 제41호 제2조의 관할 구역: 울릉전도·죽도·석도.,,원문의 지명과 현대 지명 풀이를 구분했어요. 대한민국 외교부는 이 칙령을 대한제국의 독도 관할을 보여주는 자료로 설명해요.,https://dokdo.mofa.go.kr/kor/pds/part02_view02.jsp | https://dokdo.mofa.go.kr/kor/include/print_faq.jsp?class_faq=q8
920153,910153,8,1,1,대한제국 칙령 제41호에 적힌 날짜는 언제인가요?,"[""1900년 10월 27일"", ""1900년 10월 25일"", ""1906년 5월 10일""]",2,칙령 문서의 날짜는 10월 25일이에요.,"[""10월 27일은 관보에 실린 날짜이며 문서 자체의 날짜와 달라요."", ""칙령 문서의 날짜는 10월 25일이에요."", ""이 날짜는 1906년 지령 제3호와 관련되며 칙령 제41호 날짜가 아니에요.""]",칙령 제41호는 1900년 10월 25일자 문서이며 관보에는 10월 27일 실렸어요.,,,,https://dokdo.mofa.go.kr/kor/pds/part02_view02.jsp | https://dokdo.mofa.go.kr/kor/pds/part02_view03.jsp
920154,910154,8,2,2,칙령이 실린 대한제국 관보의 역할은 무엇인가요?,"[""새 행정 개편안을 상부에 제안"", ""현지 상황을 상부에만 보고"", ""결정된 명령을 공식적으로 알림""]",3,관보는 칙령 등 국가의 공식 내용을 공표하는 기록이에요.,"[""제안을 올리는 청의서와 공표하는 관보는 역할이 달라요."", ""상황을 보고하는 문서와 공식 공표 매체를 구분해야 해요."", ""관보는 칙령 등 국가의 공식 내용을 공표하는 기록이에요.""]",칙령 제41호는 1900년 10월 25일자 문서이며 관보에는 10월 27일 실렸어요.,,,,https://dokdo.mofa.go.kr/kor/pds/part02_view02.jsp | https://dokdo.mofa.go.kr/kor/pds/part02_view03.jsp
920155,910155,8,3,3,칙령 제41호가 관보에 실린 날짜는 언제인가요?,"[""1900년 10월 27일"", ""1900년 10월 25일"", ""1900년 10월 22일""]",1,제시된 기록에서 관보 게재 날짜는 10월 27일이에요.,"[""제시된 기록에서 관보 게재 날짜는 10월 27일이에요."", ""이는 칙령 자체에 적힌 날짜예요."", ""이는 행정 개편 청의서의 날짜이며 관보 게재 날짜가 아니에요.""]",칙령 제41호는 1900년 10월 25일자 문서이며 관보에는 10월 27일 실렸어요.,"문서 날짜: 칙령 제41호 — 1900.10.25.
관보 게재: 칙령 제41호 — 1900.10.27.",,,https://dokdo.mofa.go.kr/kor/pds/part02_view02.jsp | https://dokdo.mofa.go.kr/kor/pds/part02_view03.jsp
920156,910156,8,4,3,칙령 날짜가 25일이고 관보 날짜가 27일인 까닭은 무엇인가요?,"[""서로 다른 두 칙령이기 때문"", ""문서 날짜와 공식 게재 날짜가 다르기 때문"", ""둘 중 하나가 반드시 오기이기 때문""]",2,같은 칙령이라도 문서에 적힌 날짜와 관보에 실린 날짜는 구분해요.,"[""두 자료 모두 칙령 제41호이며 날짜가 다르다고 다른 명령이 되는 것은 아니에요."", ""같은 칙령이라도 문서에 적힌 날짜와 관보에 실린 날짜는 구분해요."", ""각 날짜가 가리키는 절차가 다르므로 곧바로 오기라고 할 수 없어요.""]",칙령 제41호는 1900년 10월 25일자 문서이며 관보에는 10월 27일 실렸어요.,같은 칙령 제41호의 두 날짜: 문서에 적힌 날짜 1900년 10월 25일 / 관보에 실린 날짜 1900년 10월 27일.,,,https://dokdo.mofa.go.kr/kor/pds/part02_view02.jsp | https://dokdo.mofa.go.kr/kor/pds/part02_view03.jsp
920157,910157,8,1,1,1900년 울도 행정 개편안을 올린 문서를 무엇이라고 하나요?,"[""도해금지령"", ""태정관지령"", ""청의서""]",3,청의서는 안건을 올려 검토를 요청하는 문서예요.,"[""도해금지령은 바다를 건너가는 일을 금지하는 명령이며 행정 개편 제안서와 달라요."", ""태정관지령은 일본의 1877년 문서이며 대한제국의 이 제안서가 아니에요."", ""청의서는 안건을 올려 검토를 요청하는 문서예요.""]","울도 행정 개편은 청의서의 제안, 칙령, 관보 게재의 순서로 확인할 수 있어요.",,1900년 10월 22일의 청의서는 울릉도 행정 개편안을 올린 문서예요.,,https://dokdo.mofa.go.kr/kor/pds/part02_view01.jsp | https://dokdo.mofa.go.kr/kor/pds/part02_view02.jsp | https://dokdo.mofa.go.kr/kor/pds/part02_view03.jsp
920158,910158,8,2,2,청의서와 칙령의 역할을 바르게 짝지은 것은 무엇인가요?,"[""청의서: 제안 / 칙령: 황제의 명령"", ""청의서: 황제의 명령 / 칙령: 제안"", ""청의서: 관보 게재 / 칙령: 현지 보고""]",1,제안과 명령이라는 문서의 역할이 다릅니다.,"[""제안과 명령이라는 문서의 역할이 다릅니다."", ""두 기능을 뒤바꿨어요."", ""공표 매체와 현지 보고는 이 두 문서가 맡은 역할이 아니에요.""]","울도 행정 개편은 청의서의 제안, 칙령, 관보 게재의 순서로 확인할 수 있어요.",,,,https://dokdo.mofa.go.kr/kor/pds/part02_view01.jsp | https://dokdo.mofa.go.kr/kor/pds/part02_view02.jsp | https://dokdo.mofa.go.kr/kor/pds/part02_view03.jsp
920159,910159,8,3,3,1900년 세 문서를 날짜순으로 놓으면 무엇인가요?,"[""관보 게재 → 청의서 → 칙령"", ""청의서 → 칙령 → 관보 게재"", ""칙령 → 관보 게재 → 청의서""]",2,"22일, 25일, 27일 순서로 이어져요.","[""27일의 게재를 22일의 제안보다 먼저 놓았어요."", ""22일, 25일, 27일 순서로 이어져요."", ""22일 청의서가 가장 앞인데 마지막으로 놓았어요.""]","울도 행정 개편은 청의서의 제안, 칙령, 관보 게재의 순서로 확인할 수 있어요.",1900년 10월 22일: 청의서 / 10월 25일: 칙령 제41호 / 10월 27일: 관보 게재.,,,https://dokdo.mofa.go.kr/kor/pds/part02_view01.jsp | https://dokdo.mofa.go.kr/kor/pds/part02_view02.jsp | https://dokdo.mofa.go.kr/kor/pds/part02_view03.jsp
920160,910160,8,4,4,‘행정 개편을 제안했다’는 자료와 ‘명령이 공표됐다’는 자료를 구분해야 하는 이유는 무엇인가요?,"[""청의서에는 날짜를 적을 수 없기 때문"", ""관보는 개인의 의견만 싣기 때문"", ""제안 단계와 명령을 알린 단계가 다르기 때문""]",3,청의서만으로 공표까지 마쳤다고 할 수 없어요. 칙령과 관보를 함께 확인해요.,"[""청의서에도 날짜가 있으며 여기서는 10월 22일로 제시돼요."", ""관보는 정부의 공식 공표 기록이며 개인 의견집이 아니에요."", ""청의서만으로 공표까지 마쳤다고 할 수 없어요. 칙령과 관보를 함께 확인해요.""]","울도 행정 개편은 청의서의 제안, 칙령, 관보 게재의 순서로 확인할 수 있어요.","청의서가 개편안을 올린 뒤 칙령이 나왔고, 그 칙령이 관보에 실렸다. 세 자료는 같은 개편의 서로 다른 절차를 보여준다.",,,https://dokdo.mofa.go.kr/kor/pds/part02_view01.jsp | https://dokdo.mofa.go.kr/kor/pds/part02_view02.jsp | https://dokdo.mofa.go.kr/kor/pds/part02_view03.jsp
920161,910161,9,1,1,1906년 독도 상황을 보고한 울도군수는 누구인가요?,"[""안용복"", ""심흥택"", ""박어둔"", ""이사부""]",2,1906년 보고의 작성자는 울도군수 심흥택이에요.,"[""안용복은 17세기 울릉도·독도 관련 활동의 인물로 1906년 울도군수와 달라요."", ""1906년 보고의 작성자는 울도군수 심흥택이에요."", ""박어둔은 1693년 안용복과 함께 일본으로 끌려간 인물이에요."", ""이사부는 훨씬 이른 시기의 우산국 관련 인물이며 이 보고의 작성자가 아니에요.""]",심흥택은 울도군수로서 1906년 독도와 관련해 들은 상황을 상부에 보고했어요.,,,,https://dokdo.mofa.go.kr/kor/pds/part02_view04.jsp
920162,910162,9,2,1,심흥택이 1906년 맡고 있던 직책은 무엇인가요?,"[""울도군수"", ""일본 내무대신"", ""독도등대지기""]",1,심흥택은 울도군의 행정을 맡는 군수였어요.,"[""심흥택은 울도군의 행정을 맡는 군수였어요."", ""심흥택은 일본 정부 관리가 아니라 대한제국 울도군수예요."", ""그는 등대 관리자가 아니라 군의 행정 책임자였어요.""]",심흥택은 울도군수로서 1906년 독도와 관련해 들은 상황을 상부에 보고했어요.,,,,https://dokdo.mofa.go.kr/kor/pds/part02_view04.jsp
920163,910163,9,3,3,심흥택의 보고가 상부로 전달된 흐름은 무엇인가요?,"[""중앙정부 → 일본 어민 → 울도군수"", ""울도군수 → 강원도 행정기관 → 중앙정부"", ""일본 태정관 → 일본 내무성 → 울도군수""]",2,현지 보고가 지방 상부를 거쳐 중앙에 전달되는 흐름이에요.,"[""제시된 전달 경로에 일본 어민이 보고 중계자로 들어 있지 않아요."", ""현지 보고가 지방 상부를 거쳐 중앙에 전달되는 흐름이에요."", ""이는 1877년 일본 기관의 관계를 1906년 보고와 섞은 것이에요.""]",심흥택은 울도군수로서 1906년 독도와 관련해 들은 상황을 상부에 보고했어요.,1906년 울도군수 심흥택이 독도 관련 상황을 보고했다. 보고는 강원도 관찰사 측을 거쳐 중앙으로 전달되었다.,,,https://dokdo.mofa.go.kr/kor/pds/part02_view04.jsp
920164,910164,9,4,3,심흥택의 보고를 지역 행정 활동의 자료로 볼 수 있는 이유는 무엇인가요?,"[""일본 어민의 개인 여행기이기 때문"", ""국제재판소가 내린 판결이기 때문"", ""울도군수가 관할 섬의 상황을 상부에 알렸기 때문""]",3,작성자의 직책과 보고 대상이 관할 지역의 행정 책임을 보여줘요.,"[""작성자는 대한제국의 울도군수이며 개인 여행기가 아니에요."", ""이 보고는 행정 문서이지 국제재판 판결문이 아니에요."", ""작성자의 직책과 보고 대상이 관할 지역의 행정 책임을 보여줘요.""]",심흥택은 울도군수로서 1906년 독도와 관련해 들은 상황을 상부에 보고했어요.,문서 작성자: 울도군수 심흥택. 내용: 본군 소속 독도에 관해 일본 관리에게 들은 상황을 상부에 보고.,,,https://dokdo.mofa.go.kr/kor/pds/part02_view04.jsp
920165,910165,9,1,1,심흥택 보고에서 ‘본군 소속 독도’의 본군은 어느 군인가요?,"[""울도군"", ""일본 오키군"", ""제주군""]",1,보고 작성자가 울도군수이므로 본군은 자신이 맡은 울도군이에요.,"[""보고 작성자가 울도군수이므로 본군은 자신이 맡은 울도군이에요."", ""이 표현은 대한제국 울도군수 자신의 관할 군을 가리켜요."", ""작성자의 직책은 제주군수가 아니라 울도군수예요.""]",심흥택 보고의 ‘본군 소속 독도’는 독도를 울도군에 속한 섬으로 인식했음을 보여줘요.,,‘본군’은 문서를 쓴 관리가 맡고 있는 군을 뜻해요. 작성자는 울도군수 심흥택이에요.,,https://dokdo.mofa.go.kr/kor/pds/part02_view04.jsp
920166,910166,9,2,2,심흥택이 ‘본군 소속 독도’라고 쓴 뜻은 무엇인가요?,"[""독도는 일본 오키군에 속한다"", ""독도는 울도군에 속한다"", ""독도의 소속을 모른다""]",2,자신이 맡은 군의 섬으로 표현했으므로 울도군 소속이라는 인식이 드러나요.,"[""그것은 보고 작성자의 ‘본군 소속’ 표현과 맞지 않아요."", ""자신이 맡은 군의 섬으로 표현했으므로 울도군 소속이라는 인식이 드러나요."", ""‘본군 소속’은 독도가 자신이 맡은 울도군에 속한다고 밝힌 표현이에요. 소속을 모른다는 뜻이 아니에요.""]",심흥택 보고의 ‘본군 소속 독도’는 독도를 울도군에 속한 섬으로 인식했음을 보여줘요.,,,,https://dokdo.mofa.go.kr/kor/pds/part02_view04.jsp
920167,910167,9,3,3,심흥택의 울도군 소속 인식이 직접 드러나는 구절은 무엇인가요?,"[""일본 관리가 찾아왔다"", ""이렇게 보고한다"", ""본군 소속 독도""]",3,‘본군 소속’이 섬의 행정 소속을 밝히는 표현이에요.,"[""방문 사실은 말하지만 그 구절만으로는 심흥택의 소속 인식이 드러나지 않아요."", ""보고 행위를 나타낼 뿐 어느 군에 속하는지는 말하지 않아요."", ""‘본군 소속’이 섬의 행정 소속을 밝히는 표현이에요.""]",심흥택 보고의 ‘본군 소속 독도’는 독도를 울도군에 속한 섬으로 인식했음을 보여줘요.,보고 내용의 짧은 발췌: ‘본군 소속 독도’. 여기서 본군은 작성자 심흥택이 맡은 울도군이에요.,,,https://dokdo.mofa.go.kr/kor/pds/part02_view04.jsp
920168,910168,9,4,3,‘본군 소속 독도’라는 구절로 가장 직접 확인할 수 있는 내용은 무엇인가요?,"[""1906년 울도군수가 독도를 자기 군의 섬으로 적었다"", ""1906년 일본 관리가 독도를 울도군 소속이라고 승인했다"", ""1906년 독도가 새로 울도군에 편입되었다고 적었다""]",1,문서의 작성자·시기·소속 표현을 모두 반영한 설명이에요.,"[""문서의 작성자·시기·소속 표현을 모두 반영한 설명이에요."", ""‘본군 소속’은 일본 관리의 승인이 아니라 심흥택의 표현이에요."", ""소속을 표현한 구절만으로 그때 새 편입이 이루어졌다고 읽을 수는 없어요.""]",심흥택 보고의 ‘본군 소속 독도’는 독도를 울도군에 속한 섬으로 인식했음을 보여줘요.,작성자: 대한제국 울도군수 심흥택. 시기: 1906년. 해당 표현: 본군 소속 독도.,,,https://dokdo.mofa.go.kr/kor/pds/part02_view04.jsp
920169,910169,9,1,1,1906년 심흥택에게 독도의 일본 소속을 주장한 쪽은 누구인가요?,"[""대한제국 황제"", ""방문한 일본 관리들"", ""울도군수 자신""]",2,보고에는 일본 관리에게 들은 주장으로 적혀 있어요.,"[""이 주장은 황제의 명령이 아니라 방문한 일본 관리들의 발언으로 전해져요."", ""보고에는 일본 관리에게 들은 주장으로 적혀 있어요."", ""심흥택은 남의 주장을 보고한 것이며 자신의 결론으로 승인한 것은 아니에요.""]","심흥택 보고에 일본 관리의 주장이 적혀 있어도, 보고자가 그 주장에 동의했다는 뜻은 아니에요.",,"심흥택은 독도를 ‘본군 소속’이라고 적은 뒤, 일본 관리들에게 들은 주장을 보고했어요.",,https://dokdo.mofa.go.kr/kor/pds/part02_view04.jsp | https://dokdo.mofa.go.kr/kor/pds/part02_view05.jsp
920170,910170,9,2,2,심흥택이 일본 관리의 주장을 보고서에 적은 것은 무엇을 한 것인가요?,"[""자기 군이 일본에 속한다고 승인했다"", ""일본 관리에게 같은 명령을 내렸다"", ""자신이 들은 발언을 상부에 전달했다""]",3,보고자는 들은 주장을 전달하면서 독도를 본군 소속으로 표현했어요.,"[""남의 발언 전달을 자기 관할권의 포기로 바꿀 수는 없어요."", ""문서는 상부에 보낸 보고이며 방문자들에게 내린 명령이 아니에요."", ""보고자는 들은 주장을 전달하면서 독도를 본군 소속으로 표현했어요.""]","심흥택 보고에 일본 관리의 주장이 적혀 있어도, 보고자가 그 주장에 동의했다는 뜻은 아니에요.",,이 문항은 심흥택이 일본 관리의 주장을 보고서에 옮긴 상황을 다뤄요.,,https://dokdo.mofa.go.kr/kor/pds/part02_view04.jsp | https://dokdo.mofa.go.kr/kor/pds/part02_view05.jsp
920171,910171,9,3,3,두 문장에서 일본 관리의 주장에 해당하는 것은 무엇인가요?,"[""A: 본군 소속 독도"", ""B: 독도가 일본 영토가 되었다는 말""]",2,B가 일본 관리들에게 들은 주장으로 구분되어 있어요.,"[""A는 심흥택이 자기 관할 군과 독도의 관계를 표현한 말이에요."", ""B가 일본 관리들에게 들은 주장으로 구분되어 있어요.""]","심흥택 보고에 일본 관리의 주장이 적혀 있어도, 보고자가 그 주장에 동의했다는 뜻은 아니에요.","A — 심흥택의 표현: 본군 소속 독도.
B — 심흥택이 전달한 일본 관리들의 주장: 독도가 일본 영토가 되었다.",,,https://dokdo.mofa.go.kr/kor/pds/part02_view04.jsp | https://dokdo.mofa.go.kr/kor/pds/part02_view05.jsp
920172,910172,9,4,4,심흥택 보고를 ‘대한제국이 일본의 주장을 인정한 문서’라고 소개하면 어떤 오류인가요?,"[""일본 관리의 발언과 심흥택의 입장을 혼동했다"", ""1900년 칙령을 1906년 보고보다 나중에 놓았다"", ""울도군수와 관찰사의 직책만 바꾸어 적었다""]",1,심흥택은 들은 말을 보고했으며 독도를 자기 군 소속으로 표현했어요.,"[""심흥택은 들은 말을 보고했으며 독도를 자기 군 소속으로 표현했어요."", ""질문의 오류는 연표 순서가 아니라 누구의 주장을 말하는지 잘못 읽은 것이에요."", ""질문에서 잘못된 부분은 직책 이름 교체가 아니라 인용을 승인으로 바꾼 것이에요.""]","심흥택 보고에 일본 관리의 주장이 적혀 있어도, 보고자가 그 주장에 동의했다는 뜻은 아니에요.",심흥택은 독도를 ‘본군 소속’으로 적었고 일본 관리들의 주장을 상부에 보고했어요. 뒤의 지령 제3호는 일본의 주장을 받아들이지 않고 조사를 지시했어요.,,,https://dokdo.mofa.go.kr/kor/pds/part02_view04.jsp | https://dokdo.mofa.go.kr/kor/pds/part02_view05.jsp
920173,910173,9,1,1,1906년 일본의 독도 주장을 부인한 지령은 무엇인가요?,"[""대한제국 칙령 제41호"", ""울릉도 도해금지령"", ""지령 제3호"", ""태정관지령""]",3,1906년 지령 제3호는 보고를 받은 뒤 주장을 부인하고 조사를 지시했어요.,"[""칙령 제41호는 1900년 행정 개편 문서예요."", ""이는 1696년 일본 에도 막부의 명령으로 이 대응 문서와 달라요."", ""1906년 지령 제3호는 보고를 받은 뒤 주장을 부인하고 조사를 지시했어요."", ""태정관지령은 1877년 일본의 문서예요.""]",1906년 대한제국 지령 제3호는 일본의 독도 주장을 부인하고 상황을 더 조사해 보고하도록 했어요.,,,,https://dokdo.mofa.go.kr/kor/pds/part02_view05.jsp
920174,910174,9,2,2,지령 제3호는 일본의 독도 소속 주장을 어떻게 대했나요?,"[""그대로 인정했다"", ""사실이 아니라고 부인했다"", ""보고를 받지 않았다고 했다""]",2,역문은 일본 영토라는 주장을 받아들이지 않는 내용을 담고 있어요.,"[""지령은 주장 부인과 조사를 지시하므로 인정했다는 설명과 반대예요."", ""역문은 일본 영토라는 주장을 받아들이지 않는 내용을 담고 있어요."", ""지령은 받은 보고에 대한 답으로 제시돼요.""]",1906년 대한제국 지령 제3호는 일본의 독도 주장을 부인하고 상황을 더 조사해 보고하도록 했어요.,,,,https://dokdo.mofa.go.kr/kor/pds/part02_view05.jsp
920175,910175,9,3,3,지령 제3호가 관리에게 추가로 하도록 한 일은 무엇인가요?,"[""일본의 주장을 승인하는 서류를 작성"", ""기존 보고를 없애고 기록을 남기지 않기"", ""섬의 상황과 일본인의 행동을 다시 조사해 보고""]",3,역문은 상황과 행동을 더 조사해 다시 보고하라고 지시해요.,"[""일본 주장을 부인한 지령의 내용과 반대예요."", ""다시 보고하라는 지시이지 기록을 없애라는 명령이 아니에요."", ""역문은 상황과 행동을 더 조사해 다시 보고하라고 지시해요.""]",1906년 대한제국 지령 제3호는 일본의 독도 주장을 부인하고 상황을 더 조사해 보고하도록 했어요.,"지령 제3호 역문 요약: 일본 영토라는 주장은 근거 없으므로, 섬의 형편과 일본인의 행동을 다시 조사해 보고하라.",,,https://dokdo.mofa.go.kr/kor/pds/part02_view05.jsp
920176,910176,9,4,3,심흥택 보고와 지령 제3호를 연결하면 어떤 행정 대응이 보이나요?,"[""현지 보고를 받고 일본 주장을 부인하며 추가 조사를 지시"", ""현지 보고를 받은 즉시 일본의 편입 주장을 승인"", ""관할 구역에 대한 보고 자체를 금지""]",1,보고와 답변을 함께 보면 상황 전달 뒤의 대응까지 확인할 수 있어요.,"[""보고와 답변을 함께 보면 상황 전달 뒤의 대응까지 확인할 수 있어요."", ""지령은 승인하지 않고 부인하며 재조사를 지시해요."", ""오히려 다시 조사해 보고하도록 요구했어요.""]",1906년 대한제국 지령 제3호는 일본의 독도 주장을 부인하고 상황을 더 조사해 보고하도록 했어요.,1906년: 울도군수가 일본 관리들의 독도 관련 발언을 보고함 → 대한제국 지령 제3호가 그 주장을 부인하고 추가 조사·보고를 요구함.,,,https://dokdo.mofa.go.kr/kor/pds/part02_view05.jsp
920177,910177,9,1,1,칙령 제41호와 심흥택의 독도 보고 중 먼저 나온 것은 무엇인가요?,"[""칙령 제41호"", ""심흥택의 보고""]",1,"칙령은 1900년, 심흥택의 보고는 1906년이므로 칙령이 먼저예요.","[""칙령은 1900년, 심흥택의 보고는 1906년이므로 칙령이 먼저예요."", ""1906년 보고는 1900년 칙령보다 나중이에요.""]",1900년 칙령은 울도 행정을 정했고 1906년 보고와 지령은 독도 관련 상황에 대한 대응을 보여줘요.,,,,https://dokdo.mofa.go.kr/kor/pds/part02_view02.jsp | https://dokdo.mofa.go.kr/kor/pds/part02_view04.jsp | https://dokdo.mofa.go.kr/kor/pds/part02_view05.jsp
920178,910178,9,2,2,울도 행정 개편 뒤 독도 상황을 보고한 문서는 무엇인가요?,"[""칙령 제41호"", ""심흥택 보고"", ""태정관지령""]",2,심흥택은 1906년 독도와 관련해 들은 상황을 상부에 보고했어요. 1900년 행정 개편 뒤의 현지 보고에 해당해요.,"[""칙령 제41호는 앞서 1900년 행정 체계를 정한 명령이에요. 뒤의 현지 보고는 심흥택 보고예요."", ""심흥택은 1906년 독도와 관련해 들은 상황을 상부에 보고했어요. 1900년 행정 개편 뒤의 현지 보고에 해당해요."", ""태정관지령은 1877년 일본의 지시예요. 1906년 울도군수의 현지 보고와는 다른 문서예요.""]",1900년 칙령은 울도 행정을 정했고 1906년 보고와 지령은 독도 관련 상황에 대한 대응을 보여줘요.,,1900년 칙령 제41호는 울도의 행정 체계를 정했어요. 그 뒤 1906년에는 현지 상황을 알리는 보고가 나왔어요.,,https://dokdo.mofa.go.kr/kor/pds/part02_view02.jsp | https://dokdo.mofa.go.kr/kor/pds/part02_view04.jsp | https://dokdo.mofa.go.kr/kor/pds/part02_view05.jsp
920179,910179,9,3,3,세 자료를 오래된 것부터 놓은 순서는 무엇인가요?,"[""지령 제3호 → 1900년 칙령 → 심흥택 보고"", ""심흥택 보고 → 지령 제3호 → 1900년 칙령"", ""1900년 칙령 → 1906년 심흥택 보고 → 지령 제3호""]",3,"행정 개편 뒤 현지 보고가 있었고, 그 보고에 대한 지령이 이어졌어요.","[""1906년의 응답을 1900년보다 앞에 놓았어요."", ""1900년 칙령은 두 1906년 문서보다 앞서요."", ""행정 개편 뒤 현지 보고가 있었고, 그 보고에 대한 지령이 이어졌어요.""]",1900년 칙령은 울도 행정을 정했고 1906년 보고와 지령은 독도 관련 상황에 대한 대응을 보여줘요.,"1900년: 칙령 제41호.
1906년: 심흥택의 독도 보고와 이에 대한 지령 제3호.",,,https://dokdo.mofa.go.kr/kor/pds/part02_view02.jsp | https://dokdo.mofa.go.kr/kor/pds/part02_view04.jsp | https://dokdo.mofa.go.kr/kor/pds/part02_view05.jsp
920180,910180,9,4,4,세 자료를 함께 설명할 때 각 문서의 역할을 구분한 것은 무엇인가요?,"[""칙령: 행정 개편 / 보고: 상황 전달 / 지령: 대응 지시"", ""칙령: 현지 보고 / 보고: 황제의 명령 / 지령: 지도"", ""칙령: 대응 지시 / 보고: 행정 이름 변경 / 지령: 현지 보고""]",1,세 자료의 실제 역할을 순서대로 나누었어요.,"[""세 자료의 실제 역할을 순서대로 나누었어요."", ""문서 종류와 기능이 모두 잘못 짝지어졌어요."", ""세 문서가 맡은 일을 서로 바꾸었어요.""]",1900년 칙령은 울도 행정을 정했고 1906년 보고와 지령은 독도 관련 상황에 대한 대응을 보여줘요.,자료 카드: 1900년 칙령 제41호 — 울도 행정 개편 / 1906년 심흥택 보고 — 현지 상황 보고 / 지령 제3호 — 주장 부인과 추가 조사 지시.,,,https://dokdo.mofa.go.kr/kor/pds/part02_view02.jsp | https://dokdo.mofa.go.kr/kor/pds/part02_view04.jsp | https://dokdo.mofa.go.kr/kor/pds/part02_view05.jsp
920181,910181,10,1,1,독도의 천장굴은 어느 큰 섬에 있나요?,"[""서도"", ""동도""]",2,천장굴은 동도 중앙에 있는 함몰 지형으로 소개돼요.,"[""서도 물골과 달리 천장굴은 동도에 있어요."", ""천장굴은 동도 중앙에 있는 함몰 지형으로 소개돼요.""]",천장굴은 동도 중앙에 있는 우물처럼 깊게 패인 함몰 지형이에요.,,,,https://korean.visitkorea.or.kr/detail/ms_detail.do?cotid=21978541-1e2d-4dd8-83fd-92ce4f55dec6 | https://www.dokdo.re.kr/home/cms/cmsCont.do?cntnts_sn=65
920182,910182,10,2,2,천장굴의 전체 모습을 가장 가깝게 설명한 것은 무엇인가요?,"[""문처럼 뚫린 바위 아치"", ""우물처럼 깊게 패인 곳"", ""바다와 나란한 모래 언덕""]",2,중앙이 깊게 패인 함몰 지형이라는 설명이 천장굴의 특징이에요.,"[""아치 형태는 독립문바위와 연결되는 설명이에요."", ""중앙이 깊게 패인 함몰 지형이라는 설명이 천장굴의 특징이에요."", ""천장굴은 모래가 쌓인 언덕이 아니라 암반의 함몰 지형이에요.""]",천장굴은 동도 중앙에 있는 우물처럼 깊게 패인 함몰 지형이에요.,,,,https://korean.visitkorea.or.kr/detail/ms_detail.do?cotid=21978541-1e2d-4dd8-83fd-92ce4f55dec6 | https://www.dokdo.re.kr/home/cms/cmsCont.do?cntnts_sn=65
920183,910183,10,3,3,설명에 해당하는 독도 지명은 무엇인가요?,"[""물골"", ""탕건봉"", ""천장굴""]",3,동도 중앙의 우물 모양 함몰 지형이라는 두 특징이 천장굴을 가리켜요.,"[""물골은 서도에서 식수원으로 쓰였던 장소예요."", ""탕건봉은 서도의 봉우리이며 동도 중앙 함몰 지형과 달라요."", ""동도 중앙의 우물 모양 함몰 지형이라는 두 특징이 천장굴을 가리켜요.""]",천장굴은 동도 중앙에 있는 우물처럼 깊게 패인 함몰 지형이에요.,위치: 동도 중앙. 형태: 우물처럼 깊게 패인 함몰 지형. 예전에는 분화구로 보는 의견도 있었으나 관광 안내는 풍화·침식에 의한 함몰로 설명해요.,,,https://korean.visitkorea.or.kr/detail/ms_detail.do?cotid=21978541-1e2d-4dd8-83fd-92ce4f55dec6 | https://www.dokdo.re.kr/home/cms/cmsCont.do?cntnts_sn=65
920184,910184,10,4,3,천장굴을 설명하는 그림을 고른다면 어느 특징이 있어야 하나요?,"[""동도 안쪽에서 아래로 깊게 패인 공간"", ""서도 정상의 뾰족한 봉우리"", ""동도 해안의 문 모양 아치만""]",1,바다 쪽 벽에 작은 입구만 그리기보다 중앙의 함몰 형태를 보여줘야 해요.,"[""바다 쪽 벽에 작은 입구만 그리기보다 중앙의 함몰 형태를 보여줘야 해요."", ""섬도 다르고 함몰 지형이 아닌 봉우리예요."", ""그 모습은 독립문바위의 해식아치와 혼동한 것이에요.""]",천장굴은 동도 중앙에 있는 우물처럼 깊게 패인 함몰 지형이에요.,천장굴 확인 기준: 동도 중앙 / 우물 모양 / 깊게 패인 함몰 공간. 실제 측량 도면이 아니라 특징을 설명할 그림을 고르는 문제예요.,,,https://korean.visitkorea.or.kr/detail/ms_detail.do?cotid=21978541-1e2d-4dd8-83fd-92ce4f55dec6 | https://www.dokdo.re.kr/home/cms/cmsCont.do?cntnts_sn=65
920185,910185,10,1,1,문처럼 뚫린 아치 모양으로 이름 붙은 독도의 바위는 무엇인가요?,"[""숫돌바위"", ""독립문바위"", ""가제바위""]",2,독립문을 닮은 아치 형태가 이름과 연결돼요.,"[""숫돌바위는 숫돌과 닮은 암질과 관련된 이름이에요."", ""독립문을 닮은 아치 형태가 이름과 연결돼요."", ""가제바위는 강치의 옛 이름과 연결돼요.""]",동도의 독립문바위는 해안 바위에 문처럼 뚫린 해식아치예요.,,,,https://korean.visitkorea.or.kr/detail/ms_detail.do?cotid=0fe4eeb6-3f6a-48b1-ab75-c8d4ab6b43be | https://www.dokdo.re.kr/home/cms/cmsCont.do?cntnts_sn=65 | https://www.dokdo.re.kr/home/cms/cmsCont.do?cntnts_sn=66
920186,910186,10,2,1,독립문바위는 어느 큰 섬의 해안에 있나요?,"[""동도"", ""서도""]",1,독립문바위는 동도의 해식아치로 소개돼요.,"[""독립문바위는 동도의 해식아치로 소개돼요."", ""서도 봉우리나 물골과 달리 독립문바위는 동도 지형이에요.""]",동도의 독립문바위는 해안 바위에 문처럼 뚫린 해식아치예요.,,,,https://korean.visitkorea.or.kr/detail/ms_detail.do?cotid=0fe4eeb6-3f6a-48b1-ab75-c8d4ab6b43be | https://www.dokdo.re.kr/home/cms/cmsCont.do?cntnts_sn=65 | https://www.dokdo.re.kr/home/cms/cmsCont.do?cntnts_sn=66
920187,910187,10,3,3,독립문바위의 지형 종류는 무엇인가요?,"[""삼각주"", ""빙하 계곡"", ""해식아치""]",3,파도 등의 침식으로 해안 바위에 통로가 생긴 아치 지형이에요.,"[""삼각주는 강 하구에 퇴적물이 쌓인 지형이고 독립문바위와 달라요."", ""독립문바위는 빙하가 만든 계곡으로 설명되지 않아요."", ""파도 등의 침식으로 해안 바위에 통로가 생긴 아치 지형이에요.""]",동도의 독립문바위는 해안 바위에 문처럼 뚫린 해식아치예요.,"독립문바위 설명: 해안 암석이 파도에 깎이면서 구멍이 생기고, 그 위에 바위가 남아 문 같은 아치를 이루었다.",,,https://korean.visitkorea.or.kr/detail/ms_detail.do?cotid=0fe4eeb6-3f6a-48b1-ab75-c8d4ab6b43be | https://www.dokdo.re.kr/home/cms/cmsCont.do?cntnts_sn=65 | https://www.dokdo.re.kr/home/cms/cmsCont.do?cntnts_sn=66
920188,910188,10,4,3,독립문바위와 천장굴을 바르게 구별한 것은 무엇인가요?,"[""독립문바위는 아치, 천장굴은 우물 모양 함몰 지형"", ""둘 다 서도의 뾰족한 봉우리"", ""독립문바위는 함몰 지형, 천장굴은 해식아치""]",1,구멍이 보인다는 공통점만으로 같은 지형은 아니에요. 통로와 함몰 형태를 구분해요.,"[""구멍이 보인다는 공통점만으로 같은 지형은 아니에요. 통로와 함몰 형태를 구분해요."", ""두 지형 모두 동도에 있고 봉우리로 분류하는 설명도 맞지 않아요."", ""두 지형의 특징을 뒤바꿨어요.""]",동도의 독립문바위는 해안 바위에 문처럼 뚫린 해식아치예요.,동도 지형 비교: 독립문바위 — 문처럼 뚫린 해식아치 / 천장굴 — 중앙의 우물 모양 함몰 지형.,,,https://korean.visitkorea.or.kr/detail/ms_detail.do?cotid=0fe4eeb6-3f6a-48b1-ab75-c8d4ab6b43be | https://www.dokdo.re.kr/home/cms/cmsCont.do?cntnts_sn=65 | https://www.dokdo.re.kr/home/cms/cmsCont.do?cntnts_sn=66
920189,910189,10,1,1,독도의 숫돌바위는 어느 시설 부근에 있나요?,"[""서도 주민숙소"", ""동도 선착장"", ""울릉도 항구""]",2,숫돌바위는 동도 선착장 가까운 바위로 안내돼요.,"[""숫돌바위는 서도 주민숙소가 아니라 동도 선착장 부근이에요."", ""숫돌바위는 동도 선착장 가까운 바위로 안내돼요."", ""숫돌바위는 독도의 동도 부근 지형이에요.""]",숫돌바위는 동도 선착장 부근에 있으며 숫돌처럼 생긴 암질과 관련해 이름 붙었어요.,,,,https://korean.visitkorea.or.kr/detail/ms_detail.do?cotid=603167d6-1056-43c1-8a3d-c8640dd25938 | https://www.dokdo.re.kr/home/cms/cmsCont.do?cntnts_sn=65
920190,910190,10,2,2,‘숫돌바위’의 이름과 관련된 물건은 무엇인가요?,"[""머리에 쓰는 탕건"", ""문 모양 건축물"", ""칼 등을 가는 숫돌""]",3,바위의 암질이 숫돌과 비슷하다는 설명에서 이름을 이해할 수 있어요.,"[""탕건 모양은 탕건봉의 이름과 관련돼요."", ""문 모양은 독립문바위의 아치를 설명하는 이름과 연결돼요."", ""바위의 암질이 숫돌과 비슷하다는 설명에서 이름을 이해할 수 있어요.""]",숫돌바위는 동도 선착장 부근에 있으며 숫돌처럼 생긴 암질과 관련해 이름 붙었어요.,,,,https://korean.visitkorea.or.kr/detail/ms_detail.do?cotid=603167d6-1056-43c1-8a3d-c8640dd25938 | https://www.dokdo.re.kr/home/cms/cmsCont.do?cntnts_sn=65
920191,910191,10,3,3,숫돌바위에서 소개되는 주상절리의 방향은 어느 쪽인가요?,"[""수평으로 누운 방향"", ""모두 수직으로 선 방향"", ""원형으로 소용돌이치는 방향""]",1,관광 안내는 숫돌바위의 수평 주상절리를 특징으로 소개해요.,"[""관광 안내는 숫돌바위의 수평 주상절리를 특징으로 소개해요."", ""주상절리라고 해서 항상 수직인 것은 아니며 이 자료는 수평으로 설명해요."", ""자료에 제시된 특징은 소용돌이가 아니라 수평 주상절리예요.""]",숫돌바위는 동도 선착장 부근에 있으며 숫돌처럼 생긴 암질과 관련해 이름 붙었어요.,숫돌바위 안내: 암질이 숫돌을 닮았고 수평 방향으로 나타나는 주상절리가 특징이다. 주상절리는 암석에 기둥 모양의 틈이 생긴 구조예요.,,,https://korean.visitkorea.or.kr/detail/ms_detail.do?cotid=603167d6-1056-43c1-8a3d-c8640dd25938 | https://www.dokdo.re.kr/home/cms/cmsCont.do?cntnts_sn=65
920192,910192,10,4,3,숫돌바위를 알아보는 데 맞는 설명 묶음은 무엇인가요?,"[""서도 봉우리·탕건 모양·높은 정상"", ""동도 선착장 부근·숫돌 같은 암질·수평 주상절리"", ""동도 중앙·우물 모양·깊은 함몰""]",2,위치·이름 유래·암석 특징이 모두 숫돌바위 설명과 맞아요.,"[""이는 숫돌바위가 아니라 탕건봉의 특징 쪽에 가까워요."", ""위치·이름 유래·암석 특징이 모두 숫돌바위 설명과 맞아요."", ""이 조합은 천장굴에 해당해요.""]",숫돌바위는 동도 선착장 부근에 있으며 숫돌처럼 생긴 암질과 관련해 이름 붙었어요.,"숫돌바위는 동도 선착장 가까이에 있다. 이름은 숫돌과 비슷한 암질에서 설명되며, 수평 주상절리가 나타난다.",,,https://korean.visitkorea.or.kr/detail/ms_detail.do?cotid=603167d6-1056-43c1-8a3d-c8640dd25938 | https://www.dokdo.re.kr/home/cms/cmsCont.do?cntnts_sn=65
920193,910193,10,1,1,독도 ‘가제바위’의 가제는 어떤 동물의 옛 이름인가요?,"[""괭이갈매기"", ""문어"", ""강치""]",3,지명 안내는 가제를 강치의 옛 이름과 연결해 설명해요.,"[""괭이갈매기는 새이며 가제라는 이름의 풀이와 다릅니다."", ""가제바위의 이름은 문어가 아니라 강치와 연결돼요."", ""지명 안내는 가제를 강치의 옛 이름과 연결해 설명해요.""]","가제는 강치의 옛 이름으로, 독도의 가제바위 이름에도 남아 있어요.",,,,https://www.dokdo.re.kr/home/cms/cmsCont.do?cntnts_sn=65
920194,910194,10,2,2,가제바위의 이름에 남아 있는 독도의 역사는 무엇인가요?,"[""강치가 살았던 역사"", ""바닷새의 이름만 붙인 역사"", ""바닷말을 부르던 이름의 역사""]",1,강치의 옛 이름인 가제가 바위 이름에 남아 있어요.,"[""강치의 옛 이름인 가제가 바위 이름에 남아 있어요."", ""가제는 바닷새가 아니라 강치의 옛 이름이에요."", ""가제는 바닷말이 아니라 바다 포유류와 연결돼요.""]","가제는 강치의 옛 이름으로, 독도의 가제바위 이름에도 남아 있어요.",,,,https://www.dokdo.re.kr/home/cms/cmsCont.do?cntnts_sn=65
920195,910195,10,3,3,‘가제는 강치의 옛 이름’이라는 풀이로 연결할 수 있는 지명은 무엇인가요?,"[""탕건봉"", ""가제바위"", ""숫돌바위""]",2,동물의 옛 이름 가제가 지명에 그대로 들어 있어요.,"[""탕건봉은 머리에 쓰는 탕건 모양과 관련된 이름이에요."", ""동물의 옛 이름 가제가 지명에 그대로 들어 있어요."", ""숫돌바위는 숫돌과 닮은 암질에서 이름을 설명해요.""]","가제는 강치의 옛 이름으로, 독도의 가제바위 이름에도 남아 있어요.",지명 풀이: 가제 — 강치를 부르던 옛말 / 탕건 — 머리에 쓰던 관모 / 숫돌 — 날을 가는 돌.,,,https://www.dokdo.re.kr/home/cms/cmsCont.do?cntnts_sn=65
920196,910196,10,4,3,가제바위 이름만으로 현재 강치 수를 알 수 없는 이유는 무엇인가요?,"[""모든 동물 이름 지명은 실제 동물과 무관하기 때문"", ""옛말은 한 번도 동물을 가리키지 않았기 때문"", ""이름은 과거 유래를 남기며 현재 관측 수는 아니기 때문""]",3,지명은 과거를 기억하는 자료지만 현재 개체 수를 측정한 자료가 아니에요.,"[""가제바위는 강치와 관련된 유래로 설명돼요. 과거 관련성이 없다는 뜻은 아니에요."", ""가제는 강치의 옛말이라는 풀이가 있으므로 그 설명과 반대예요."", ""지명은 과거를 기억하는 자료지만 현재 개체 수를 측정한 자료가 아니에요.""]","가제는 강치의 옛 이름으로, 독도의 가제바위 이름에도 남아 있어요.","가제바위는 강치의 옛 이름을 간직한 지명이에요. 강치는 멸종한 동물이며, 게임 속 방문 연출은 실제 동물의 관측과 구분해요.",,,https://www.dokdo.re.kr/home/cms/cmsCont.do?cntnts_sn=65
920197,910197,10,1,1,독도의 탕건봉은 어느 큰 섬에 있나요?,"[""동도"", ""서도""]",2,탕건봉은 서도의 봉우리 이름이에요.,"[""동도의 우산봉과 구분하며 탕건봉은 서도에 있어요."", ""탕건봉은 서도의 봉우리 이름이에요.""]","탕건봉은 서도에 있으며, 머리에 쓰던 탕건과 닮은 모양에서 이름이 붙었어요.",,,,https://www.dokdo.re.kr/home/cms/cmsCont.do?cntnts_sn=65
920198,910198,10,2,2,‘탕건봉’의 이름과 관련된 모양은 무엇인가요?,"[""머리에 쓰던 탕건"", ""칼을 가는 숫돌"", ""문처럼 뚫린 아치""]",1,봉우리의 모습이 탕건을 닮았다는 지명 풀이예요.,"[""봉우리의 모습이 탕건을 닮았다는 지명 풀이예요."", ""숫돌은 숫돌바위의 이름과 연결되는 물건이에요."", ""아치 모양은 독립문바위의 특징이에요.""]","탕건봉은 서도에 있으며, 머리에 쓰던 탕건과 닮은 모양에서 이름이 붙었어요.",,,,https://www.dokdo.re.kr/home/cms/cmsCont.do?cntnts_sn=65
920199,910199,10,3,3,지명 유래표에서 탕건 모양에 해당하는 독도 지명은 무엇인가요?,"[""가제바위"", ""탕건봉"", ""숫돌바위""]",2,탕건과 봉우리의 모양을 연결한 이름이에요.,"[""가제는 강치의 옛 이름으로 형태가 아니라 동물과 연결돼요."", ""탕건과 봉우리의 모양을 연결한 이름이에요."", ""숫돌과 비슷한 암질에 관련된 이름이에요.""]","탕건봉은 서도에 있으며, 머리에 쓰던 탕건과 닮은 모양에서 이름이 붙었어요.",지명과 유래: 탕건봉 — 탕건을 닮은 모양 / 가제바위 — 강치의 옛말 / 숫돌바위 — 숫돌을 닮은 암질.,,,https://www.dokdo.re.kr/home/cms/cmsCont.do?cntnts_sn=65
920200,910200,10,4,3,독도 바위 이름의 유래를 ‘모양’과 ‘동물’로 나누면 어떤 짝이 맞나요?,"[""모양: 가제바위 / 동물: 탕건봉"", ""모양: 숫돌바위 / 동물: 탕건봉"", ""모양: 탕건봉 / 동물: 가제바위""]",3,"탕건봉은 머리쓰개 모양, 가제바위는 강치와 연결돼요.","[""유래의 두 종류를 뒤바꿨어요."", ""탕건봉은 동물에서 나온 이름이 아니라 탕건 모양에서 설명돼요."", ""탕건봉은 머리쓰개 모양, 가제바위는 강치와 연결돼요.""]","탕건봉은 서도에 있으며, 머리에 쓰던 탕건과 닮은 모양에서 이름이 붙었어요.",탕건은 전통 머리쓰개이고 가제는 강치의 옛말이에요. 독도 지명 안내는 이 뜻을 탕건봉·가제바위의 유래와 연결해요.,,,https://www.dokdo.re.kr/home/cms/cmsCont.do?cntnts_sn=65
920201,910201,11,1,1,1877년 일본이 울릉도·독도를 일본과 관계없다고 한 문서는 무엇인가요?,"[""대한제국 칙령 제41호"", ""울릉도 도해금지령"", ""지령 제3호"", ""태정관지령""]",4,일본 최고 행정기관 태정관이 내무성에 내린 1877년 지시예요.,"[""칙령 제41호는 1900년 대한제국의 울도 행정 개편 명령이에요."", ""도해금지령은 1696년 일본 어민의 울릉도 도항을 금지한 명령이에요."", ""지령 제3호는 1906년 대한제국이 독도 보고에 대응한 문서예요."", ""일본 최고 행정기관 태정관이 내무성에 내린 1877년 지시예요.""]",1877년 일본 태정관은 울릉도와 독도를 일본과 관계없는 것으로 알아두라고 내무성에 지시했어요.,,태정관은 당시 일본의 최고 행정기관이에요. ‘지령’은 상급 기관이 내리는 업무 지시예요.,원문은 ‘다케시마 외 1도’예요. 울릉도·독도라는 현대 지명 풀이는 대한민국 외교부가 공개한 역문·첨부 지도 해설을 따랐어요.,https://dokdo.mofa.go.kr/kor/pds/part05_view03.jsp | https://dokdo.mofa.go.kr/kor/pds/part06_view09.jsp
920202,910202,11,2,2,일본 태정관은 1877년 울릉도·독도를 어떻게 판단했나요?,"[""일본과 관계없는 섬"", ""모두 일본 소속인 섬"", ""독도만 일본 소속인 섬""]",1,역문의 핵심 지시는 두 섬을 일본과 관계없는 것으로 알아두라는 내용이에요.,"[""역문의 핵심 지시는 두 섬을 일본과 관계없는 것으로 알아두라는 내용이에요."", ""일본과 관계없다는 지시와 반대되는 내용이에요."", ""지명 해설에서 두 섬을 함께 대상으로 풀이하며 독도만 예외로 하지 않아요.""]",1877년 일본 태정관은 울릉도와 독도를 일본과 관계없는 것으로 알아두라고 내무성에 지시했어요.,,,원문은 ‘다케시마 외 1도’예요. 울릉도·독도라는 현대 지명 풀이는 대한민국 외교부가 공개한 역문·첨부 지도 해설을 따랐어요.,https://dokdo.mofa.go.kr/kor/pds/part05_view03.jsp | https://dokdo.mofa.go.kr/kor/pds/part06_view09.jsp
920203,910203,11,3,3,태정관지령 역문의 ‘본방’은 어느 나라를 가리키나요?,"[""조선"", ""일본"", ""대한민국""]",2,일본 정부 기관이 자기 나라를 가리킨 표현이므로 여기서는 일본이에요.,"[""문서 작성 주체가 일본 기관이므로 조선을 ‘본방’이라고 한 것이 아니에요."", ""일본 정부 기관이 자기 나라를 가리킨 표현이므로 여기서는 일본이에요."", ""현대 번역을 읽는 나라가 아니라 원문 작성자의 나라를 뜻해요.""]",1877년 일본 태정관은 울릉도와 독도를 일본과 관계없는 것으로 알아두라고 내무성에 지시했어요.,문서 작성 주체: 1877년 일본 태정관. 역문에는 두 섬의 건을 ‘본방(일본)과 관계가 없다는 것을 알아둘 것’이라고 풀이해요.,,원문은 ‘다케시마 외 1도’예요. 울릉도·독도라는 현대 지명 풀이는 대한민국 외교부가 공개한 역문·첨부 지도 해설을 따랐어요.,https://dokdo.mofa.go.kr/kor/pds/part05_view03.jsp | https://dokdo.mofa.go.kr/kor/pds/part06_view09.jsp
920204,910204,11,4,3,태정관지령과 첨부 지도를 함께 읽으면 당시 일본 정부의 어떤 판단을 확인할 수 있나요?,"[""울릉도만 제외하고 독도는 일본 소속이라는 판단"", ""독도만 제외하고 울릉도는 일본 소속이라는 판단"", ""울릉도와 독도를 일본 영토로 보지 않았다는 판단""]",3,대한민국 외교부는 지령과 첨부 지도의 지명 대응을 함께 제시하며 이 역사적 의미를 설명해요.,"[""‘외 1도’가 독도에 해당한다는 첨부 지도 해설을 빠뜨린 해석이에요."", ""이 자료의 다케시마인 울릉도도 지령 대상에 포함돼요."", ""대한민국 외교부는 지령과 첨부 지도의 지명 대응을 함께 제시하며 이 역사적 의미를 설명해요.""]",1877년 일본 태정관은 울릉도와 독도를 일본과 관계없는 것으로 알아두라고 내무성에 지시했어요.,"지령 요약: 다케시마 외 1도는 일본과 관계없는 것으로 알아둘 것.
첨부 지도 해설: 이 자료의 다케시마는 울릉도, 외 1도는 독도에 해당한다.",,원문은 ‘다케시마 외 1도’예요. 울릉도·독도라는 현대 지명 풀이는 대한민국 외교부가 공개한 역문·첨부 지도 해설을 따랐어요.,https://dokdo.mofa.go.kr/kor/pds/part05_view03.jsp | https://dokdo.mofa.go.kr/kor/pds/part06_view09.jsp
920205,910205,11,1,1,1696년 일본 에도 막부가 일본 어민의 울릉도 도항을 금지한 명령은 무엇인가요?,"[""울릉도 도해금지령"", ""태정관지령"", ""대한제국 칙령 제41호"", ""지령 제3호""]",1,"도해는 바다를 건너는 일이고, 이 명령은 일본 어민의 울릉도 도항을 금지했어요.","[""도해는 바다를 건너는 일이고, 이 명령은 일본 어민의 울릉도 도항을 금지했어요."", ""이는 1877년 일본의 행정 지시로 1696년 금지령과 구분해요."", ""이는 1900년 대한제국의 행정 개편 명령이에요."", ""이는 1906년 대한제국이 독도 보고에 답한 문서예요.""]",1696년 일본 에도 막부는 일본 어민이 울릉도로 건너가는 일을 금지했어요.,,,제시된 금지령의 도항 목적지는 울릉도예요. 독도와 연결되는 역사적 의미와 원문에 명시된 대상을 구분해요.,https://dokdo.mofa.go.kr/kor/pds/part05_view06.jsp | https://dokdo.mofa.go.kr/m/kor/dokdo/reason_list.jsp
920206,910206,11,2,2,1696년 울릉도 도해금지령에서 금지한 ‘도해’는 무슨 뜻인가요?,"[""바다를 건너가는 일"", ""토지의 경계를 재는 일"", ""섬의 이름을 바꾸는 일""]",1,이 문맥에서는 배로 울릉도에 건너가는 일을 뜻해요.,"[""이 문맥에서는 배로 울릉도에 건너가는 일을 뜻해요."", ""토지 측량이 아니라 바다를 건너가는 활동이에요."", ""도해는 이름 변경이 아니라 이동 행위예요.""]",1696년 일본 에도 막부는 일본 어민이 울릉도로 건너가는 일을 금지했어요.,,,제시된 금지령의 도항 목적지는 울릉도예요. 독도와 연결되는 역사적 의미와 원문에 명시된 대상을 구분해요.,https://dokdo.mofa.go.kr/kor/pds/part05_view06.jsp | https://dokdo.mofa.go.kr/m/kor/dokdo/reason_list.jsp
920207,910207,11,3,3,1696년 금지령에서 ‘다케시마’로 적힌 도항 목적지는 오늘날 어느 섬인가요?,"[""독도"", ""울릉도"", ""오키섬""]",2,이 금지령 역문에서는 다케시마를 울릉도로 풀이해요.,"[""이 시기의 해당 문서 이름 대응을 오늘날 일본이 쓰는 이름과 혼동하면 안 돼요."", ""이 금지령 역문에서는 다케시마를 울릉도로 풀이해요."", ""공개 역문의 목적지는 오키섬이 아니라 울릉도예요.""]",1696년 일본 에도 막부는 일본 어민이 울릉도로 건너가는 일을 금지했어요.,1696년 금지령 역문 요약: 일본 어민이 다케시마(이 기록에서는 울릉도)로 건너가는 일을 앞으로 금지한다.,,제시된 금지령의 도항 목적지는 울릉도예요. 독도와 연결되는 역사적 의미와 원문에 명시된 대상을 구분해요.,https://dokdo.mofa.go.kr/kor/pds/part05_view06.jsp | https://dokdo.mofa.go.kr/m/kor/dokdo/reason_list.jsp
920208,910208,11,4,3,1696년 명령의 발령 주체·대상·목적지를 바르게 연결한 것은 무엇인가요?,"[""조선 정부 → 조선 어민 → 오키섬"", ""일본 에도 막부 → 조선 어민 → 울릉도"", ""일본 에도 막부 → 일본 어민 → 울릉도""]",3,누가 명령했고 누구의 어느 목적지 도항을 막았는지 모두 맞아요.,"[""발령 주체·대상·목적지를 모두 다른 것으로 바꿨어요."", ""발령 주체와 목적지는 맞지만 명령의 대상은 일본 어민이에요."", ""누가 명령했고 누구의 어느 목적지 도항을 막았는지 모두 맞아요.""]",1696년 일본 에도 막부는 일본 어민이 울릉도로 건너가는 일을 금지했어요.,자료 요약: 일본 에도 막부는 일본 어민에게 울릉도로 건너가지 못하도록 지시했다. 시기는 1696년이다.,,제시된 금지령의 도항 목적지는 울릉도예요. 독도와 연결되는 역사적 의미와 원문에 명시된 대상을 구분해요.,https://dokdo.mofa.go.kr/kor/pds/part05_view06.jsp | https://dokdo.mofa.go.kr/m/kor/dokdo/reason_list.jsp
920209,910209,11,1,1,태정관지령 관련 서류에 첨부된 지도 이름은 무엇인가요?,"[""기죽도약도"", ""대동여지도"", ""팔도총도""]",1,1877년 태정관지령 관련 서류에 첨부된 지도로 소개돼요.,"[""1877년 태정관지령 관련 서류에 첨부된 지도로 소개돼요."", ""독도 관련 지도라도 이름을 구분해야 해요. 이 서류의 첨부 지도는 기죽도약도예요."", ""이 자료에서 확인하는 첨부 지도 이름은 팔도총도가 아니라 기죽도약도예요.""]","기죽도약도는 태정관지령 관련 서류의 첨부 지도로, ‘외 1도’가 독도임을 확인하는 근거로 소개돼요.",,기죽도약도는 두 섬을 그린 옛 지도 이름이에요. 1877년 태정관지령을 검토한 서류와 함께 소개돼요.,첨부 지도의 지명 대응과 역사적 의미는 대한민국 외교부 해설을 따랐어요. 지도 제작국만으로 영유권을 판단하는 문제가 아니에요.,https://dokdo.mofa.go.kr/kor/pds/part06_view09.jsp | https://dokdo.mofa.go.kr/kor/include/print_faq.jsp?class_faq=q7
920210,910210,11,2,2,태정관지령의 ‘외 1도’는 현대 지명으로 어느 섬에 해당하나요?,"[""울릉도"", ""독도"", ""제주도""]",2,대한민국 외교부는 첨부 지도와 지령을 함께 검토해 ‘외 1도’를 독도로 풀이해요.,"[""울릉도는 이 문서에서 다케시마에 대응하며 ‘외 1도’와 구분돼요."", ""대한민국 외교부는 첨부 지도와 지령을 함께 검토해 ‘외 1도’를 독도로 풀이해요."", ""해당 첨부 지도 해설에서 ‘외 1도’를 제주도로 풀이하지 않아요.""]","기죽도약도는 태정관지령 관련 서류의 첨부 지도로, ‘외 1도’가 독도임을 확인하는 근거로 소개돼요.",,,첨부 지도의 지명 대응과 역사적 의미는 대한민국 외교부 해설을 따랐어요. 지도 제작국만으로 영유권을 판단하는 문제가 아니에요.,https://dokdo.mofa.go.kr/kor/pds/part06_view09.jsp | https://dokdo.mofa.go.kr/kor/include/print_faq.jsp?class_faq=q7
920211,910211,11,3,3,첨부 지도 해설에서 울릉도와 독도를 가리키는 옛 이름의 짝은 무엇인가요?,"[""다케시마 — 독도 / 마쓰시마 — 울릉도"", ""다케시마 — 제주도 / 마쓰시마 — 오키섬"", ""다케시마 — 울릉도 / 마쓰시마 — 독도""]",3,"이 자료의 이름 대응은 다케시마가 울릉도, 마쓰시마가 독도예요.","[""이 첨부 지도에 대한 해설의 대응을 뒤바꿨어요."", ""제시된 두 지명의 대응은 제주도·오키섬이 아니에요."", ""이 자료의 이름 대응은 다케시마가 울릉도, 마쓰시마가 독도예요.""]","기죽도약도는 태정관지령 관련 서류의 첨부 지도로, ‘외 1도’가 독도임을 확인하는 근거로 소개돼요.",첨부 지도 해설을 정리한 지명표: 다케시마(기죽도) — 울릉도 / 마쓰시마(송도) — 독도. 지도 이미지 판독이 아니라 해설 표를 읽는 문제예요.,,첨부 지도의 지명 대응과 역사적 의미는 대한민국 외교부 해설을 따랐어요. 지도 제작국만으로 영유권을 판단하는 문제가 아니에요.,https://dokdo.mofa.go.kr/kor/pds/part06_view09.jsp | https://dokdo.mofa.go.kr/kor/include/print_faq.jsp?class_faq=q7
920212,910212,11,4,4,기죽도약도가 태정관지령 해석에 중요한 까닭은 무엇인가요?,"[""지령의 ‘외 1도’가 독도임을 확인하는 근거가 되어서"", ""지도 제작국의 영토만 반드시 그린 지도이기 때문에"", ""지령의 두 섬을 울릉도 한 섬으로 합치기 때문에""]",1,대상 섬을 확인해 당시 일본 정부 지시가 독도에도 해당함을 설명하는 데 쓰여요.,"[""대상 섬을 확인해 당시 일본 정부 지시가 독도에도 해당함을 설명하는 데 쓰여요."", ""지도 제작국만으로 영토를 단정하지 않아요. 문서와 지명 대응을 함께 읽어요."", ""해설은 울릉도와 독도를 구분해 대상에 두 섬이 포함됨을 설명해요.""]","기죽도약도는 태정관지령 관련 서류의 첨부 지도로, ‘외 1도’가 독도임을 확인하는 근거로 소개돼요.","지령은 ‘다케시마 외 1도’를 일본과 관계없는 것으로 알아두라고 지시해요. 첨부 지도 해설은 다케시마를 울릉도, 그 밖의 섬을 독도로 확인하는 근거를 제시해요.",,첨부 지도의 지명 대응과 역사적 의미는 대한민국 외교부 해설을 따랐어요. 지도 제작국만으로 영유권을 판단하는 문제가 아니에요.,https://dokdo.mofa.go.kr/kor/pds/part06_view09.jsp | https://dokdo.mofa.go.kr/kor/include/print_faq.jsp?class_faq=q7
920213,910213,11,1,1,심흥택이 현지 상황을 상부에 알린 자료의 종류는 무엇인가요?,"[""지도"", ""보고서"", ""칙령""]",2,현지 관리가 알아낸 상황을 상부에 전한 것이므로 보고서예요.,"[""지도는 공간 관계를 그리는 자료이며 이 문서는 상황을 글로 보고해요."", ""현지 관리가 알아낸 상황을 상부에 전한 것이므로 보고서예요."", ""칙령은 황제의 명령이고 심흥택의 현지 보고와 달라요.""]",독도 관련 지리지·지도·보고서·명령문은 서로 다른 종류의 역사 자료예요.,,,,https://dokdo.mofa.go.kr/kor/pds/part06_view02.jsp | https://dokdo.mofa.go.kr/kor/pds/part02_view02.jsp | https://dokdo.mofa.go.kr/kor/pds/part02_view04.jsp | https://dokdo.mofa.go.kr/kor/pds/part02_view05.jsp | https://dokdo.mofa.go.kr/kor/pds/part06_view09.jsp
920214,910214,11,2,2,독도와 관련된 행정 구역을 정하는 ‘칙령’은 어떤 자료인가요?,"[""개인의 여행 일기"", ""바위의 위치를 그린 약도"", ""황제의 명령문""]",3,칙령은 행정 사항 등을 정하는 황제의 명령이에요.,"[""칙령은 개인 감상이 아니라 국가의 공식 명령이에요."", ""공간을 그린 약도가 아니라 행정 내용을 정한 문서예요."", ""칙령은 행정 사항 등을 정하는 황제의 명령이에요.""]",독도 관련 지리지·지도·보고서·명령문은 서로 다른 종류의 역사 자료예요.,,,,https://dokdo.mofa.go.kr/kor/pds/part06_view02.jsp | https://dokdo.mofa.go.kr/kor/pds/part02_view02.jsp | https://dokdo.mofa.go.kr/kor/pds/part02_view04.jsp | https://dokdo.mofa.go.kr/kor/pds/part02_view05.jsp | https://dokdo.mofa.go.kr/kor/pds/part06_view09.jsp
920215,910215,11,3,3,문서 종류가 ‘명령문’인 자료끼리 묶인 것은 무엇인가요?,"[""칙령 제41호·지령 제3호"", ""기죽도약도·시설 위치도"", ""심흥택 보고서·여행자의 일기""]",1,두 문서는 각각 행정 개편과 조사·보고를 명령하는 내용을 담아요.,"[""두 문서는 각각 행정 개편과 조사·보고를 명령하는 내용을 담아요."", ""둘은 지도에 해당하며 명령문과 종류가 달라요."", ""보고와 일기는 내용을 기록하는 자료이며 두 항목 모두 명령문은 아니에요.""]",독도 관련 지리지·지도·보고서·명령문은 서로 다른 종류의 역사 자료예요.,자료 종류: 칙령 — 황제의 명령 / 지령 — 기관의 지시 / 보고서 — 상황 전달 / 지도 — 공간 표현.,,,https://dokdo.mofa.go.kr/kor/pds/part06_view02.jsp | https://dokdo.mofa.go.kr/kor/pds/part02_view02.jsp | https://dokdo.mofa.go.kr/kor/pds/part02_view04.jsp | https://dokdo.mofa.go.kr/kor/pds/part02_view05.jsp | https://dokdo.mofa.go.kr/kor/pds/part06_view09.jsp
920216,910216,11,4,3,칙령과 현지 보고를 함께 보면 각각 무엇을 확인할 수 있나요?,"[""칙령을 현지 목격담, 보고서를 황제 명령으로 바꿔 읽기"", ""칙령이 정한 행정 내용과 보고서의 현지 상황"", ""작성 시기를 지우고 한 문서로 합쳐 읽기""]",2,명령과 보고가 맡은 역할을 구분해 연결한 답이에요.,"[""문서의 역할을 뒤바꾸면 무엇을 근거로 삼는지 달라져요."", ""명령과 보고가 맡은 역할을 구분해 연결한 답이에요."", ""서로 다른 때의 자료이므로 각각의 시기와 역할을 보존해야 해요.""]",독도 관련 지리지·지도·보고서·명령문은 서로 다른 종류의 역사 자료예요.,비교할 자료: 1900년 칙령 제41호는 울도 행정을 정한다. 1906년 심흥택 보고는 독도 관련 현지 상황을 전한다.,,,https://dokdo.mofa.go.kr/kor/pds/part06_view02.jsp | https://dokdo.mofa.go.kr/kor/pds/part02_view02.jsp | https://dokdo.mofa.go.kr/kor/pds/part02_view04.jsp | https://dokdo.mofa.go.kr/kor/pds/part02_view05.jsp | https://dokdo.mofa.go.kr/kor/pds/part06_view09.jsp
920217,910217,11,1,1,1877년 태정관지령을 내린 일본 기관은 어디인가요?,"[""내무성"", ""시마네현"", ""태정관""]",3,당시 일본 최고 행정기관으로 지시를 내린 쪽이에요.,"[""내무성은 질의하고 지시를 받은 쪽이며 태정관과 역할이 달라요."", ""태정관지령의 최종 지시 기관은 지방 현이 아니라 태정관이에요."", ""당시 일본 최고 행정기관으로 지시를 내린 쪽이에요.""]",일본이 작성한 옛 문서와 대한민국 외교부가 공개한 현대 역문·해설은 작성 주체와 역할이 달라요.,,,,https://dokdo.mofa.go.kr/kor/pds/part05_view03.jsp | https://dokdo.mofa.go.kr/kor/pds/part06_view09.jsp | https://dokdo.mofa.go.kr/kor/pds/part05_view06.jsp
920218,910218,11,2,1,1877년 두 섬의 처리를 태정관에 문의한 일본 기관은 어디인가요?,"[""내무성"", ""태정관"", ""외무성""]",1,토지 기록 관련 질의를 올린 일본 중앙 기관은 내무성이에요.,"[""토지 기록 관련 질의를 올린 일본 중앙 기관은 내무성이에요."", ""태정관은 질의를 받은 뒤 답하는 지시를 내린 기관이에요."", ""이 질의의 담당 기관은 외무성이 아니라 내무성으로 소개돼요.""]",일본이 작성한 옛 문서와 대한민국 외교부가 공개한 현대 역문·해설은 작성 주체와 역할이 달라요.,,,,https://dokdo.mofa.go.kr/kor/pds/part05_view03.jsp | https://dokdo.mofa.go.kr/kor/pds/part06_view09.jsp | https://dokdo.mofa.go.kr/kor/pds/part05_view06.jsp
920219,910219,11,3,3,자료 카드에서 현대의 역문·해설을 공개한 기관은 어디인가요?,"[""1877년 일본 태정관"", ""대한민국 외교부"", ""1877년 일본 내무성""]",2,"원문 작성자와 달리, 지금 읽는 역문·해설의 공개 기관은 대한민국 외교부예요.","[""태정관은 원문 지시를 내린 기관이지 현대 한국어 해설의 공개 기관이 아니에요."", ""원문 작성자와 달리, 지금 읽는 역문·해설의 공개 기관은 대한민국 외교부예요."", ""내무성은 당시 질의 기관이며 현대 자료 공개 기관과 구분해요.""]",일본이 작성한 옛 문서와 대한민국 외교부가 공개한 현대 역문·해설은 작성 주체와 역할이 달라요.,"원문 지시: 1877년 일본 태정관.
질의 기관: 일본 내무성.
현재 한국어 역문·해설 공개: 대한민국 외교부 독도 홈페이지.",,,https://dokdo.mofa.go.kr/kor/pds/part05_view03.jsp | https://dokdo.mofa.go.kr/kor/pds/part06_view09.jsp | https://dokdo.mofa.go.kr/kor/pds/part05_view06.jsp
920220,910220,11,4,3,태정관지령의 출처를 적을 때 작성자와 해설 기관을 바르게 나눈 것은 무엇인가요?,"[""원문: 대한민국 외교부 / 역문: 일본 태정관"", ""원문과 현대 해설 모두 일본 내무성"", ""원문: 일본 태정관 / 역문·해설: 대한민국 외교부""]",3,국가와 역할을 함께 밝히면 과거 지시와 현대 해석의 주체가 분명해져요.,"[""원문 작성자와 현대 공개 기관을 뒤바꿨어요."", ""내무성은 질의 기관이고 지시 작성자·현대 해설 기관과 같지 않아요."", ""국가와 역할을 함께 밝히면 과거 지시와 현대 해석의 주체가 분명해져요.""]",일본이 작성한 옛 문서와 대한민국 외교부가 공개한 현대 역문·해설은 작성 주체와 역할이 달라요.,1877년 일본 내무성의 질의에 일본 태정관이 지시를 내렸다. 오늘날 대한민국 외교부는 이 문서의 역문과 첨부 지도 해설을 공개한다.,,,https://dokdo.mofa.go.kr/kor/pds/part05_view03.jsp | https://dokdo.mofa.go.kr/kor/pds/part06_view09.jsp | https://dokdo.mofa.go.kr/kor/pds/part05_view06.jsp
920221,910221,12,1,1,독도 배가 접안하기 어려워지는 바다 상태는 무엇인가요?,"[""파도가 높게 이는 상태"", ""바람이 약하고 수면이 잔잔한 상태"", ""파도가 거의 없는 상태""]",1,높은 파도는 선박의 안전한 접안과 하선에 영향을 줄 수 있어요.,"[""높은 파도는 선박의 안전한 접안과 하선에 영향을 줄 수 있어요."", ""이 조건은 높은 파도에 비해 접안에 유리하지만 실제 결정은 운항 안내를 따라요."", ""파도가 거의 없다는 것 자체는 높은 파도로 인한 접안 곤란의 원인이 아니에요.""]","독도 입도 여부는 기상과 바다 상태 등에 따라 달라져, 배표가 있어도 상륙이 보장되지는 않아요.",,,실제 방문은 최신 선사·관할 기관 안내를 확인해야 해요. 이 수업은 실시간 운항 안내가 아니에요.,https://dokdo.mofa.go.kr/kor/introduce/residence.jsp
920222,910222,12,2,2,독도 배표가 있어도 상륙하지 못할 수 있는 까닭은 무엇인가요?,"[""도착하면 하선이 늘 보장되기 때문에"", ""날씨와 파도로 접안이 어려울 수 있어서"", ""전날 입도 여부가 오늘을 보장하기 때문에""]",2,승선권 보유와 당일 접안 안전 판단은 별개예요.,"[""도착해도 안전 조건에 따라 하선이 제한될 수 있어요."", ""승선권 보유와 당일 접안 안전 판단은 별개예요."", ""바다 상태는 날마다 달라질 수 있어 오늘 조건을 확인해야 해요.""]","독도 입도 여부는 기상과 바다 상태 등에 따라 달라져, 배표가 있어도 상륙이 보장되지는 않아요.",,,실제 방문은 최신 선사·관할 기관 안내를 확인해야 해요. 이 수업은 실시간 운항 안내가 아니에요.,https://dokdo.mofa.go.kr/kor/introduce/residence.jsp
920223,910223,12,3,3,입도 안내를 보고 여행 계획에 넣어야 할 조건은 무엇인가요?,"[""표를 사면 파도와 무관하게 입도 가능"", ""입도 여부는 전날 사진으로 확정"", ""당일 기상에 따라 입도가 취소될 수 있음""]",3,자료의 제한 가능성을 여행 계획에 반영해야 해요.,"[""자료에서 기상에 따른 입도 제한을 명시하므로 보장할 수 없어요."", ""과거 사진으로 당일 운항·접안 안전을 확정할 수 없어요."", ""자료의 제한 가능성을 여행 계획에 반영해야 해요.""]","독도 입도 여부는 기상과 바다 상태 등에 따라 달라져, 배표가 있어도 상륙이 보장되지는 않아요.",독도 입도 안내 요약: 기상이나 선박 사정 등에 따라 입도에 제한이 있을 수 있다. 실제 출발 전 선사 등의 최신 안내를 확인한다.,,실제 방문은 최신 선사·관할 기관 안내를 확인해야 해요. 이 수업은 실시간 운항 안내가 아니에요.,https://dokdo.mofa.go.kr/kor/introduce/residence.jsp
920224,910224,12,4,3,독도에 가는 날의 입도 가능성을 확인하려면 무엇을 우선 확인해야 하나요?,"[""당일 선사·관할 기관의 운항과 입도 안내"", ""몇 년 전 맑은 날의 여행 사진"", ""연평균 기온만""]",1,실시간에 가까운 안전·운항 안내가 실제 방문 판단에 필요해요.,"[""실시간에 가까운 안전·운항 안내가 실제 방문 판단에 필요해요."", ""사진은 당시 모습이며 오늘의 접안 가능성을 알려주지 않아요."", ""장기 평균은 당일 바람·파도와 실제 운항 안내를 대신하지 못해요.""]","독도 입도 여부는 기상과 바다 상태 등에 따라 달라져, 배표가 있어도 상륙이 보장되지는 않아요.",계획 상황: 독도행 표를 예약했고 오늘 출발할 예정이에요. 기상과 선박 사정에 따라 입도가 제한될 수 있다는 안내가 있어요.,,실제 방문은 최신 선사·관할 기관 안내를 확인해야 해요. 이 수업은 실시간 운항 안내가 아니에요.,https://dokdo.mofa.go.kr/kor/introduce/residence.jsp
920225,910225,12,1,1,독도 부근에서 겨울철에 주로 내리는 것은 무엇인가요?,"[""비"", ""눈"", ""우박"", ""안개""]",2,지역 기후 안내는 겨울철 강수가 주로 눈의 형태라고 설명해요.,"[""비도 강수이지만 이 지역 겨울철의 주된 형태는 눈으로 소개돼요."", ""지역 기후 안내는 겨울철 강수가 주로 눈의 형태라고 설명해요."", ""자료는 겨울 강수의 주된 형태를 우박이 아니라 눈으로 설명해요."", ""안개가 잦다는 기후 특징은 있지만, 하늘에서 주로 내리는 겨울 강수의 답은 눈이에요.""]",독도를 포함한 울릉도 부근 지역은 바다의 영향을 받으며 겨울철 강수가 주로 눈의 형태예요.,,,기후 설명의 적용 범위는 독도를 포함한 울릉도 부근 지역이에요. 독도 단독의 실시간 관측값이 아니에요.,https://dokdo.mofa.go.kr/kor/introduce/nature.jsp
920226,910226,12,2,2,바다의 영향을 많이 받는 독도 부근의 기후를 무엇이라고 하나요?,"[""사막 기후"", ""해양성 기후"", ""내륙성 기후""]",2,독도 부근은 바다와 난류 영향을 많이 받는 해양성 기후로 설명돼요.,"[""자료는 건조한 사막 기후가 아니라 해양성 기후로 소개해요."", ""독도 부근은 바다와 난류 영향을 많이 받는 해양성 기후로 설명돼요."", ""바다에서 멀리 떨어진 내륙의 영향보다 바다의 영향을 강조한 설명이에요.""]",독도를 포함한 울릉도 부근 지역은 바다의 영향을 받으며 겨울철 강수가 주로 눈의 형태예요.,,,기후 설명의 적용 범위는 독도를 포함한 울릉도 부근 지역이에요. 독도 단독의 실시간 관측값이 아니에요.,https://dokdo.mofa.go.kr/kor/introduce/nature.jsp
920227,910227,12,3,3,독도 부근 기후의 특징을 자료와 맞게 고른 것은 무엇인가요?,"[""겨울 강수는 주로 우박이고 안개는 없음"", ""한 해 내내 건조하며 눈은 내리지 않음"", ""안개가 잦고 겨울 강수는 주로 눈""]",3,두 특징 모두 제시된 지역 기후 설명에 들어 있어요.,"[""자료의 눈·잦은 안개 설명과 둘 다 어긋나요."", ""자료는 안개와 강수가 있는 해양성 기후를 설명해요."", ""두 특징 모두 제시된 지역 기후 설명에 들어 있어요.""]",독도를 포함한 울릉도 부근 지역은 바다의 영향을 받으며 겨울철 강수가 주로 눈의 형태예요.,지역 기후 요약: 바다의 영향을 많이 받는다. 안개와 흐린 날이 잦다. 겨울철 강수는 대부분 눈의 형태다.,,기후 설명의 적용 범위는 독도를 포함한 울릉도 부근 지역이에요. 독도 단독의 실시간 관측값이 아니에요.,https://dokdo.mofa.go.kr/kor/introduce/nature.jsp
920228,910228,12,4,4,독도 여행 안내에 ‘겨울에는 눈이 주로 내리니 오늘도 반드시 눈이 온다’고 쓰면 무엇을 고쳐야 하나요?,"[""주된 기후 특징을 오늘의 확정 예보로 바꾼 부분"", ""겨울에 눈이 올 수 있다는 부분 자체"", ""독도가 바다의 영향을 받는다는 부분""]",1,겨울의 주된 형태와 특정 날짜의 날씨는 달라요. 오늘 날씨는 별도 관측·예보로 확인해요.,"[""겨울의 주된 형태와 특정 날짜의 날씨는 달라요. 오늘 날씨는 별도 관측·예보로 확인해요."", ""자료는 겨울 강수가 주로 눈이라고 설명하므로 그 사실을 지울 필요는 없어요."", ""해양성 기후라는 설명은 자료와 맞아요.""]",독도를 포함한 울릉도 부근 지역은 바다의 영향을 받으며 겨울철 강수가 주로 눈의 형태예요.,"기후: 오랜 기간에 걸친 날씨의 특징. 날씨: 특정 시각이나 날짜의 대기 상태. 독도 포함 울릉도 부근의 겨울 강수는 주로 눈이지만, 매일 눈이 온다는 뜻은 아니에요.",,기후 설명의 적용 범위는 독도를 포함한 울릉도 부근 지역이에요. 독도 단독의 실시간 관측값이 아니에요.,https://dokdo.mofa.go.kr/kor/introduce/nature.jsp
920229,910229,12,1,1,독도안용복길 3에 있는 시설은 무엇인가요?,"[""동도 경비대"", ""서도 주민숙소"", ""동도 등대""]",2,주소 안내에서 독도안용복길 3은 서도 주민숙소에 해당해요.,"[""경비대의 주소는 독도이사부길 55예요."", ""주소 안내에서 독도안용복길 3은 서도 주민숙소에 해당해요."", ""등대의 주소는 독도이사부길 63이에요.""]","독도안용복길 3은 서도 주민숙소이고, 동도 경비대와 등대는 독도이사부길을 써요.",,,,https://www.mof.go.kr/doc/ko/selectDoc.do?bbsSeq=27&docSeq=20937&menuSeq=929
920230,910230,12,2,2,동도의 경비대와 등대 주소에 공통으로 들어가는 길 이름은 무엇인가요?,"[""독도안용복길"", ""독도우산봉길"", ""독도이사부길""]",3,경비대 55번과 등대 63번은 모두 독도이사부길 주소예요.,"[""이 길 이름은 서도 주민숙소의 주소에 쓰여요."", ""제시된 공식 시설 주소의 길 이름은 독도이사부길이에요."", ""경비대 55번과 등대 63번은 모두 독도이사부길 주소예요.""]","독도안용복길 3은 서도 주민숙소이고, 동도 경비대와 등대는 독도이사부길을 써요.",,,,https://www.mof.go.kr/doc/ko/selectDoc.do?bbsSeq=27&docSeq=20937&menuSeq=929
920231,910231,12,3,3,주소표에서 독도이사부길 63에 해당하는 시설은 무엇인가요?,"[""동도 독도등대"", ""동도 독도경비대"", ""서도 주민숙소""]",1,표에서 이사부길 63은 등대에 연결돼요.,"[""표에서 이사부길 63은 등대에 연결돼요."", ""경비대는 같은 길이지만 번호가 55예요."", ""주민숙소는 안용복길 3으로 길 이름과 번호가 달라요.""]","독도안용복길 3은 서도 주민숙소이고, 동도 경비대와 등대는 독도이사부길을 써요.","주소표:
독도이사부길 55 — 동도 독도경비대
독도이사부길 63 — 동도 독도등대
독도안용복길 3 — 서도 주민숙소",,,https://www.mof.go.kr/doc/ko/selectDoc.do?bbsSeq=27&docSeq=20937&menuSeq=929
920232,910232,12,4,3,서도 주민숙소와 동도 등대에 편지를 보낼 주소를 순서대로 고르면 무엇인가요?,"[""독도이사부길 55 → 독도안용복길 3"", ""독도안용복길 3 → 독도이사부길 63"", ""독도이사부길 63 → 독도이사부길 55""]",2,수신 시설의 섬과 길·번호를 각각 맞춘 조합이에요.,"[""첫 주소는 경비대, 둘째 주소는 주민숙소로 요청한 순서와 대상이 달라요."", ""수신 시설의 섬과 길·번호를 각각 맞춘 조합이에요."", ""둘 다 동도 시설이며 서도 주민숙소 주소가 빠졌어요.""]","독도안용복길 3은 서도 주민숙소이고, 동도 경비대와 등대는 독도이사부길을 써요.","서도 주민숙소 — 독도안용복길 3.
동도 경비대 — 독도이사부길 55.
동도 등대 — 독도이사부길 63.
도로명 번호를 방위나 지도 좌표로 해석하지 않아요.",,,https://www.mof.go.kr/doc/ko/selectDoc.do?bbsSeq=27&docSeq=20937&menuSeq=929
920233,910233,12,1,1,일반적인 독도 탐방에서 기본 관람 구역으로 안내하는 곳은 어디인가요?,"[""서도 정상 전체"", ""동도 경비대 내부"", ""동도 선착장""]",3,일반 입도 안내는 동도 선착장 구역의 관람을 기본으로 설명해요.,"[""서도 정상까지 자유롭게 관람하도록 안내한 것은 아니에요."", ""경비대 내부는 일반 관람 구역으로 안내되지 않아요."", ""일반 입도 안내는 동도 선착장 구역의 관람을 기본으로 설명해요.""]",일반 탐방의 기본 관람 구역은 동도 선착장이며 다른 구역 방문은 별도 안내와 허가를 확인해야 해요.,,,출입 조건은 바뀔 수 있어 실제 방문 전 최신 안내를 확인해야 해요.,https://dokdo.mofa.go.kr/kor/introduce/residence.jsp
920234,910234,12,2,2,독도 배표만 있으면 섬의 모든 곳에 들어갈 수 있나요?,"[""아니요, 허용 구역을 확인해야 해요"", ""네, 모든 구역에 들어갈 수 있어요""]",1,승선과 특정 구역 출입은 다른 절차이므로 허가된 범위를 따라야 해요.,"[""승선과 특정 구역 출입은 다른 절차이므로 허가된 범위를 따라야 해요."", ""일반 탐방은 지정된 관람 범위가 있으므로 모든 시설 출입이 허용되지는 않아요.""]",일반 탐방의 기본 관람 구역은 동도 선착장이며 다른 구역 방문은 별도 안내와 허가를 확인해야 해요.,,,출입 조건은 바뀔 수 있어 실제 방문 전 최신 안내를 확인해야 해요.,https://dokdo.mofa.go.kr/kor/introduce/residence.jsp
920235,910235,12,3,3,서도를 방문하려는 사람이 먼저 확인해야 할 것은 무엇인가요?,"[""관할 기관의 별도 방문 허가와 조건"", ""일반 동도 관람권만으로 서도도 허용된다는 가정"", ""예전 방문자의 허가가 자신에게도 적용된다는 가정""]",1,서도 방문은 일반 동도 선착장 관람과 구분해 안내돼요.,"[""서도 방문은 일반 동도 선착장 관람과 구분해 안내돼요."", ""일반 관람과 다른 구역 출입을 같은 허가로 볼 수 없어요."", ""이전 다른 사람의 사례가 자신의 현재 허가를 대신하지 않아요.""]",일반 탐방의 기본 관람 구역은 동도 선착장이며 다른 구역 방문은 별도 안내와 허가를 확인해야 해요.,입도 안내 구분: 일반 탐방은 동도 선착장 구역. 서도 방문은 관할 기관의 별도 허가 등을 확인해야 한다.,,출입 조건은 바뀔 수 있어 실제 방문 전 최신 안내를 확인해야 해요.,https://dokdo.mofa.go.kr/kor/introduce/residence.jsp
920236,910236,12,4,4,독도 여행 안내문에서 고쳐야 할 약속은 무엇인가요?,"[""일반 관람 구역과 입도 조건을 확인"", ""배표를 사면 동도와 서도의 모든 시설에 자유롭게 입장"", ""날씨에 따라 입도가 제한될 수 있다고 안내""]",2,승선권만으로 출입 제한이 사라지지 않으며 실제 허가 범위를 따라야 해요.,"[""이는 안내에 맞는 방문 준비이며 잘못된 약속이 아니에요."", ""승선권만으로 출입 제한이 사라지지 않으며 실제 허가 범위를 따라야 해요."", ""실제 안전 조건을 반영한 안내예요.""]",일반 탐방의 기본 관람 구역은 동도 선착장이며 다른 구역 방문은 별도 안내와 허가를 확인해야 해요.,"검토 기준: 일반 탐방은 동도 선착장 구역 중심이며, 날씨와 선박 사정에 따라 입도가 제한될 수 있다. 그 밖의 구역에는 별도 조건이 있을 수 있다.",,출입 조건은 바뀔 수 있어 실제 방문 전 최신 안내를 확인해야 해요.,https://dokdo.mofa.go.kr/kor/introduce/residence.jsp
920237,910237,12,1,1,독도의 큰 두 섬 이름을 모두 적은 것은 무엇인가요?,"[""울릉도·죽도"", ""동도·오키섬"", ""동도·서도""]",3,두 큰 섬과 주변 부속 도서가 독도를 이루어요.,"[""울릉도·죽도는 독도의 큰 두 섬 이름과 달라요."", ""오키섬이 아니라 서도를 함께 골라야 해요."", ""두 큰 섬과 주변 부속 도서가 독도를 이루어요.""]","독도는 동도·서도와 부속 도서로 이루어진 화산섬이며, 자연환경과 역사 기록을 함께 배울 곳이에요.",,,,https://dokdo.mofa.go.kr/kor/introduce/location.jsp | https://www.dokdo.re.kr/home/cms/cmsCont.do?cntnts_sn=66 | https://dokdo.mofa.go.kr/kor/introduce/facility.jsp | https://dokdo.mofa.go.kr/kor/pds/part02_view02.jsp
920238,910238,12,2,2,독도에서 더 높은 큰 섬과 등대가 있는 섬을 순서대로 고르면 무엇인가요?,"[""서도 → 동도"", ""동도 → 서도"", ""서도 → 서도""]",1,서도가 더 높고 등대는 동도에 있어요.,"[""서도가 더 높고 등대는 동도에 있어요."", ""높이 비교와 등대 위치를 모두 반대로 골랐어요."", ""더 높은 섬은 맞지만 등대는 동도에 있어요.""]","독도는 동도·서도와 부속 도서로 이루어진 화산섬이며, 자연환경과 역사 기록을 함께 배울 곳이에요.",,,,https://dokdo.mofa.go.kr/kor/introduce/location.jsp | https://www.dokdo.re.kr/home/cms/cmsCont.do?cntnts_sn=66 | https://dokdo.mofa.go.kr/kor/introduce/facility.jsp | https://dokdo.mofa.go.kr/kor/pds/part02_view02.jsp
920239,910239,12,3,3,독도 안내 카드의 수치와 시설을 바르게 연결한 것은 무엇인가요?,"[""서도 98.6m·등대 / 동도 168.5m·주민숙소"", ""서도 168.5m·주민숙소 / 동도 98.6m·등대"", ""서도 168.5m·등대 / 동도 98.6m·주민숙소""]",2,각 섬의 높이와 시설이 안내 카드와 모두 일치해요.,"[""두 섬의 높이와 시설을 뒤바꿨어요."", ""각 섬의 높이와 시설이 안내 카드와 모두 일치해요."", ""높이는 맞지만 시설의 섬이 뒤바뀌었어요.""]","독도는 동도·서도와 부속 도서로 이루어진 화산섬이며, 자연환경과 역사 기록을 함께 배울 곳이에요.","안내 카드:
서도 — 최고 높이 168.5m, 주민숙소.
동도 — 최고 높이 98.6m, 등대와 주요 접안시설.",,,https://dokdo.mofa.go.kr/kor/introduce/location.jsp | https://www.dokdo.re.kr/home/cms/cmsCont.do?cntnts_sn=66 | https://dokdo.mofa.go.kr/kor/introduce/facility.jsp | https://dokdo.mofa.go.kr/kor/pds/part02_view02.jsp
920240,910240,12,4,3,독도 소개문에 넣을 설명으로 사실에 맞는 것은 무엇인가요?,"[""동도 한 섬만 있으며 강 하구 모래가 쌓여 생겼다"", ""두 큰 섬은 있지만 모두 산호가 자라 만들어졌다"", ""두 큰 섬과 부속 도서가 있고, 해저 화산활동으로 형성되었다""]",3,구성과 형성 원인이 모두 자료와 맞아요.,"[""서도·부속 도서를 빼고 화산 기원을 강 퇴적으로 바꾼 잘못된 설명이에요."", ""두 큰 섬이라는 부분은 맞지만 독도는 산호섬이 아니라 화산섬이에요."", ""구성과 형성 원인이 모두 자료와 맞아요.""]","독도는 동도·서도와 부속 도서로 이루어진 화산섬이며, 자연환경과 역사 기록을 함께 배울 곳이에요.","기초 정보: 독도는 동도와 서도, 주변 작은 바위섬으로 이루어져요. 해저 화산활동으로 큰 화산체가 만들어지고 일부가 물 위로 드러났어요.",,,https://dokdo.mofa.go.kr/kor/introduce/location.jsp | https://www.dokdo.re.kr/home/cms/cmsCont.do?cntnts_sn=66 | https://dokdo.mofa.go.kr/kor/introduce/facility.jsp | https://dokdo.mofa.go.kr/kor/pds/part02_view02.jsp
