id,replaces,unit,difficulty,cognitive,question,choices,answer1based,answerFeedback,allChoiceFeedback,takeaway,material,context,scope,sources
920001,910001,1,1,1,What are the names of Dokdo’s two main islands?,"[""Dongdo and Seodo"", ""Ulleungdo and Dongdo"", ""Jejudo and Seodo"", ""Ulleungdo and Jejudo""]",1,"Dongdo and Seodo are the two main islands, surrounded by smaller islets.","[""Dongdo and Seodo are the two main islands, surrounded by smaller islets."", ""Dongdo belongs to Dokdo, but Ulleungdo is a separate island. The other main island is Seodo."", ""Seodo belongs to Dokdo, but Jejudo does not. Its other main island is Dongdo."", ""Both are separate from Dokdo. Dokdo’s main islands are Dongdo and Seodo.""]","Dokdo consists of Dongdo, Seodo and the smaller islets around them.",,,,https://dokdo.mofa.go.kr/kor/introduce/location.jsp
920002,910002,1,2,2,What other land surrounds Dokdo’s two main islands?,"[""Smaller rocky islets"", ""The main island of Ulleungdo"", ""Japan’s Oki Islands""]",1,Dokdo includes the surrounding rocky islets as well as Dongdo and Seodo.,"[""Dokdo includes the surrounding rocky islets as well as Dongdo and Seodo."", ""Ulleungdo is a separate island, not one of Dokdo’s associated islets."", ""The Oki Islands are in Japan and are not part of Dokdo.""]","Dokdo consists of Dongdo, Seodo and the smaller islets around them.",,,,https://dokdo.mofa.go.kr/kor/introduce/location.jsp
920003,910003,1,3,3,What land should be added to a Dokdo sign that shows only its two main islands?,"[""All of Ulleungdo"", ""The surrounding associated islets"", ""All of Japan’s Oki Islands""]",2,The description includes the associated islets as well as the two main islands.,"[""Ulleungdo is not part of the listed land area. The missing land is the associated islets."", ""The description includes the associated islets as well as the two main islands."", ""The Oki Islands do not form part of Dokdo.""]","Dokdo consists of Dongdo, Seodo and the smaller islets around them.",Dokdo’s composition: Dongdo + Seodo + 89 associated islets. These are smaller islands around the two main islands.,,,https://dokdo.mofa.go.kr/kor/introduce/location.jsp
920004,910004,1,4,4,How should the statement “Dokdo is the name of Dongdo alone” be corrected?,"[""It names Dongdo and Ulleungdo"", ""It names Seodo alone"", ""It names Dongdo, Seodo and the surrounding islets""]",3,"Dongdo is only part of Dokdo, which also includes Seodo and associated islets.","[""Ulleungdo is separate and should not be added to Dokdo’s composition."", ""Changing the answer to Seodo alone still omits Dongdo and the smaller islets."", ""Dongdo is only part of Dokdo, which also includes Seodo and associated islets.""]","Dokdo consists of Dongdo, Seodo and the smaller islets around them.","The composition data includes Dongdo, Seodo and 89 associated islets within Dokdo.",,,https://dokdo.mofa.go.kr/kor/introduce/location.jsp
920005,910005,1,1,1,In which direction from Ulleungdo is Dokdo?,"[""Northeast"", ""Southeast"", ""Southwest"", ""Northwest""]",2,Dokdo is both east and south of Ulleungdo: southeast.,"[""East is right, but the north–south part is reversed. Dokdo is southeast."", ""Dokdo is both east and south of Ulleungdo: southeast."", ""South is right, but Dokdo is east rather than west of Ulleungdo."", ""Northwest is the opposite of the direction from Ulleungdo to Dokdo.""]",Dokdo lies about 87.4 km southeast of Ulleungdo.,,,,https://www.mof.go.kr/doc/ko/selectDoc.do?bbsSeq=27&docSeq=20937&menuSeq=929 | https://dokdo.mofa.go.kr/kor/introduce/location.jsp
920006,910006,1,2,1,Approximately how far apart are Ulleungdo and Dokdo?,"[""157.5 km"", ""8.74 km"", ""87.4 km"", ""874 km""]",3,The distance between Ulleungdo and Dokdo is about 87.4 km.,"[""157.5 km is the distance between Dokdo and Japan’s Oki Islands."", ""This shifts the decimal point: it is one tenth of the stated distance."", ""The distance between Ulleungdo and Dokdo is about 87.4 km."", ""874 km is ten times the stated 87.4 km.""]",Dokdo lies about 87.4 km southeast of Ulleungdo.,,,,https://www.mof.go.kr/doc/ko/selectDoc.do?bbsSeq=27&docSeq=20937&menuSeq=929 | https://dokdo.mofa.go.kr/kor/introduce/location.jsp
920007,910007,1,3,3,Which place is nearer to Dokdo in the distance table?,"[""Ulleungdo"", ""Japan’s Oki Islands""]",1,"87.4 km is less than 157.5 km, so Ulleungdo is nearer.","[""87.4 km is less than 157.5 km, so Ulleungdo is nearer."", ""The Oki Islands are 157.5 km away, farther than Ulleungdo’s 87.4 km.""]",Dokdo lies about 87.4 km southeast of Ulleungdo.,"Dokdo to Ulleungdo: 87.4 km
Dokdo to Japan’s Oki Islands: 157.5 km",,,https://www.mof.go.kr/doc/ko/selectDoc.do?bbsSeq=27&docSeq=20937&menuSeq=929 | https://dokdo.mofa.go.kr/kor/introduce/location.jsp
920008,910008,1,4,3,How many kilometres nearer to Dokdo is Ulleungdo than the Oki Islands?,"[""244.9 km"", ""87.4 km"", ""157.5 km"", ""70.1 km""]",4,"Subtracting gives 157.5 − 87.4 = 70.1 km, the difference in distance.","[""244.9 km is the sum, not the difference."", ""87.4 km is the full distance to Ulleungdo, not the difference."", ""157.5 km is the distance to the Oki Islands. Subtract 87.4 km from it."", ""Subtracting gives 157.5 − 87.4 = 70.1 km, the difference in distance.""]",Dokdo lies about 87.4 km southeast of Ulleungdo.,Dokdo–Ulleungdo: 87.4 km. Dokdo–Japan’s Oki Islands: 157.5 km. Use these distances to calculate the difference.,,,https://www.mof.go.kr/doc/ko/selectDoc.do?bbsSeq=27&docSeq=20937&menuSeq=929 | https://dokdo.mofa.go.kr/kor/introduce/location.jsp
920009,910009,1,1,1,Which main island is on Dokdo’s eastern side?,"[""Seodo"", ""Dongdo""]",2,“Dong” means east; Dongdo is the eastern main island.,"[""“Seo” means west. The eastern island is Dongdo."", ""“Dong” means east; Dongdo is the eastern main island.""]",Dongdo is the eastern main island and Seodo is the western one.,,,This simplifies their directional relationship; it is not a coastline map.,https://dokdo.mofa.go.kr/kor/introduce/location.jsp
920010,910010,1,2,2,What name labels Dokdo’s western main island?,"[""Seodo"", ""Dongdo""]",1,Seodo is the western island; Dongdo is the eastern one.,"[""Seodo is the western island; Dongdo is the eastern one."", ""Dongdo names the eastern island; placing it on the western one swaps the labels.""]",Dongdo is the eastern main island and Seodo is the western one.,,,This simplifies their directional relationship; it is not a coastline map.,https://dokdo.mofa.go.kr/kor/introduce/location.jsp
920011,910011,1,3,3,Which island name belongs at A in the position key?,"[""Dongdo"", ""Seodo""]",2,"A occupies the western position, so it is Seodo.","[""Dongdo is already shown at the eastern position. A is Seodo."", ""A occupies the western position, so it is Seodo.""]",Dongdo is the eastern main island and Seodo is the western one.,"West ← [ A ] ··· [ Dongdo ] → East
This key shows only the simplified east–west relationship.",,This simplifies their directional relationship; it is not a coastline map.,https://dokdo.mofa.go.kr/kor/introduce/location.jsp
920012,910012,1,4,3,"On a position key with east pointing left, on which side is Dongdo placed?","[""Left"", ""Right""]",1,"East points left in this key, so the eastern island, Dongdo, is on the left.","[""East points left in this key, so the eastern island, Dongdo, is on the left."", ""Right is west in this key. East is not always on the screen’s right.""]",Dongdo is the eastern main island and Seodo is the western one.,"East ← [ A ] ··· [ B ] → West
Dongdo is the eastern island and Seodo is the western island. Follow the arrows in this key.",,This simplifies their directional relationship; it is not a coastline map.,https://dokdo.mofa.go.kr/kor/introduce/location.jsp
920013,910013,1,1,1,What weather offers a good chance of seeing Dokdo from Ulleungdo?,"[""Clear weather with good visibility"", ""Dense fog"", ""Rain that obscures the view""]",1,Clear air allows a distant island such as Dokdo to be visible.,"[""Clear air allows a distant island such as Dokdo to be visible."", ""Dense fog obscures distant objects."", ""Rain that obscures the view makes a distant island harder to distinguish.""]",Dokdo can be seen from Ulleungdo in clear weather with good visibility.,,,,https://dokdo.mofa.go.kr/kor/pds/part06_view02.jsp | https://dokdo.mofa.go.kr/kor/introduce/location.jsp
920014,910014,1,2,2,Which atmospheric condition helps observers see distant Dokdo from Ulleungdo?,"[""Dense fog over the sea"", ""Little fog and clear visibility"", ""Heavy rain reducing visibility""]",2,Distant viewing requires conditions with little obscuring fog.,"[""Dense fog obscures the view of distant Dokdo."", ""Distant viewing requires conditions with little obscuring fog."", ""Rain that obscures visibility differs from the clear conditions needed.""]",Dokdo can be seen from Ulleungdo in clear weather with good visibility.,,,,https://dokdo.mofa.go.kr/kor/pds/part06_view02.jsp | https://dokdo.mofa.go.kr/kor/introduce/location.jsp
920015,910015,1,3,3,What weather does the Sejong geographical record associate with seeing the two islands?,"[""When there is dense fog"", ""Every day regardless of conditions"", ""When the weather is clear""]",3,The translation says the islands can be seen when the weather is clear.,"[""The supplied account says clear weather, not fog."", ""The account gives a clear-weather condition; it does not say every day."", ""The translation says the islands can be seen when the weather is clear.""]",Dokdo can be seen from Ulleungdo in clear weather with good visibility.,Summary of the translated 1454 Sejong geographical record: Usan and Mureung are not far apart and can be seen in clear weather. The cited commentary identifies them as Dokdo and Ulleungdo.,,,https://dokdo.mofa.go.kr/kor/pds/part06_view02.jsp | https://dokdo.mofa.go.kr/kor/introduce/location.jsp
920016,910016,1,4,3,Which of the two days is more suitable for viewing Dokdo from Ulleungdo?,"[""Day B"", ""Day A""]",2,Day A has clearer visibility for viewing the distant islands.,"[""Dense fog on day B obscures the view toward Dokdo."", ""Day A has clearer visibility for viewing the distant islands.""]",Dokdo can be seen from Ulleungdo in clear weather with good visibility.,Illustrative plan: day A has clear visibility without fog; on day B dense fog obscures the distant sea. Both observations would use the same point on Ulleungdo.,,,https://dokdo.mofa.go.kr/kor/pds/part06_view02.jsp | https://dokdo.mofa.go.kr/kor/introduce/location.jsp
920017,910017,1,1,1,Which two main islands are counted separately from Dokdo’s 89 associated islets?,"[""Dongdo and Seodo"", ""Ulleungdo and Dokdo"", ""Dongdo and Ulleungdo""]",1,The 89 associated islets are in addition to Dongdo and Seodo.,"[""The 89 associated islets are in addition to Dongdo and Seodo."", ""Dokdo names the whole group and Ulleungdo is separate; the main islands are Dongdo and Seodo."", ""Seodo, not Ulleungdo, is the other main island.""]",Dokdo’s 89 associated islets are counted separately from Dongdo and Seodo.,,,,https://dokdo.mofa.go.kr/kor/introduce/location.jsp | https://www.dokdo.re.kr/home/cms/cmsCont.do?cntnts_sn=64
920018,910018,1,2,2,"How many islands are there when Dongdo, Seodo and 89 associated islets are counted together?","[""91"", ""89"", ""90"", ""93""]",1,Two main islands plus 89 associated islets equals 91.,"[""Two main islands plus 89 associated islets equals 91."", ""89 counts only the associated islets."", ""90 adds only one main island; both Dongdo and Seodo must be included."", ""Do not count the main islands twice: calculate 89 + 2.""]",Dokdo’s 89 associated islets are counted separately from Dongdo and Seodo.,,,,https://dokdo.mofa.go.kr/kor/introduce/location.jsp | https://www.dokdo.re.kr/home/cms/cmsCont.do?cntnts_sn=64
920019,910019,1,3,3,What is the combined area of the associated islets in the table?,"[""73,297 m²"", ""25,517 m²"", ""88,740 m²"", ""187,554 m²""]",2,"The associated-islets row is 25,517 m², not the total or a main island’s area.","[""73,297 m² is Dongdo’s area."", ""The associated-islets row is 25,517 m², not the total or a main island’s area."", ""88,740 m² is Seodo’s area."", ""187,554 m² is the total including both main islands.""]",Dokdo’s 89 associated islets are counted separately from Dongdo and Seodo.,"Dongdo: 73,297 m²
Seodo: 88,740 m²
89 associated islets: 25,517 m²
Total: 187,554 m²",,,https://dokdo.mofa.go.kr/kor/introduce/location.jsp | https://www.dokdo.re.kr/home/cms/cmsCont.do?cntnts_sn=64
920020,910020,1,4,3,What is left out when Dokdo’s total area is calculated using only Dongdo and Seodo?,"[""25,517 m² of sea between the islands"", ""25,517 m² of associated islets"", ""25,517 m² of Ulleungdo""]",2,"187,554 − 73,297 − 88,740 = 25,517 m², the land area of the associated islets.","[""The table lists land area; the difference is islet land, not sea."", ""187,554 − 73,297 − 88,740 = 25,517 m², the land area of the associated islets."", ""Ulleungdo is not included in Dokdo’s total area.""]",Dokdo’s 89 associated islets are counted separately from Dongdo and Seodo.,"Dokdo total land area: 187,554 m²; Dongdo: 73,297 m²; Seodo: 88,740 m². Associated islets also contribute land area.",,,https://dokdo.mofa.go.kr/kor/introduce/location.jsp | https://www.dokdo.re.kr/home/cms/cmsCont.do?cntnts_sn=64
920021,910021,2,1,1,Which of Dokdo’s two main islands is higher?,"[""Seodo"", ""Dongdo""]",1,"Seodo reaches 168.5 m, higher than Dongdo’s 98.6 m.","[""Seodo reaches 168.5 m, higher than Dongdo’s 98.6 m."", ""Dongdo reaches 98.6 m; Seodo is higher at 168.5 m.""]","Seodo is the higher main island: 168.5 m, compared with Dongdo’s 98.6 m.",,,,https://dokdo.mofa.go.kr/kor/introduce/location.jsp | https://www.dokdo.re.kr/home/cms/cmsCont.do?cntnts_sn=64
920022,910022,2,2,2,Which main island of Dokdo reaches a maximum height of 98.6 m?,"[""Seodo"", ""Dongdo""]",2,98.6 m is Dongdo’s maximum elevation.,"[""Seodo’s maximum elevation is 168.5 m."", ""98.6 m is Dongdo’s maximum elevation.""]","Seodo is the higher main island: 168.5 m, compared with Dongdo’s 98.6 m.",,,,https://dokdo.mofa.go.kr/kor/introduce/location.jsp | https://www.dokdo.re.kr/home/cms/cmsCont.do?cntnts_sn=64
920023,910023,2,3,3,"According to the height table, how many metres higher is Seodo than Dongdo?","[""267.1 m"", ""98.6 m"", ""69.9 m"", ""151 m""]",3,Subtracting the two elevations gives 168.5 − 98.6 = 69.9 m.,"[""267.1 m is the sum; a difference requires subtraction."", ""98.6 m is Dongdo’s elevation, not the difference."", ""Subtracting the two elevations gives 168.5 − 98.6 = 69.9 m."", ""151 m describes the shore-to-shore gap, not the elevation difference.""]","Seodo is the higher main island: 168.5 m, compared with Dongdo’s 98.6 m.","Seodo maximum elevation: 168.5 m
Dongdo maximum elevation: 98.6 m
Both elevations are measured relative to sea level.",,,https://dokdo.mofa.go.kr/kor/introduce/location.jsp | https://www.dokdo.re.kr/home/cms/cmsCont.do?cntnts_sn=64
920024,910024,2,4,3,"Which island has land above 100 m, based on the elevations in the table?","[""Dongdo only"", ""Both islands"", ""Neither island"", ""Seodo only""]",4,Seodo reaches 168.5 m; Dongdo peaks at 98.6 m and therefore has no point at 100 m.,"[""Dongdo’s peak is below 100 m; Seodo exceeds it."", ""Dongdo’s 98.6 m is below 100 m."", ""Seodo’s 168.5 m is above 100 m."", ""Seodo reaches 168.5 m; Dongdo peaks at 98.6 m and therefore has no point at 100 m.""]","Seodo is the higher main island: 168.5 m, compared with Dongdo’s 98.6 m.",Seodo: 168.5 m; Dongdo: 98.6 m. Consider which island could have a 100 m contour.,,,https://dokdo.mofa.go.kr/kor/introduce/location.jsp | https://www.dokdo.re.kr/home/cms/cmsCont.do?cntnts_sn=64
920025,910025,2,1,1,Which of Dokdo’s main islands has the larger land area?,"[""Seodo"", ""Dongdo""]",1,"Seodo’s 88,740 m² exceeds Dongdo’s 73,297 m².","[""Seodo’s 88,740 m² exceeds Dongdo’s 73,297 m²."", ""Dongdo has a longer coastline but a smaller area.""]","Seodo has the larger area, but Dongdo has the longer coastline.",,,,https://dokdo.mofa.go.kr/kor/introduce/location.jsp | https://www.dokdo.re.kr/home/cms/cmsCont.do?cntnts_sn=64
920026,910026,2,2,2,What does m² measure in Dokdo’s area table?,"[""Peak elevation"", ""Length along the coastline"", ""Land area""]",3,"Square metres measure area, unlike metres used for elevation.","[""Elevation is in metres; square metres describe area."", ""Coastline length is in metres or kilometres, not square metres."", ""Square metres measure area, unlike metres used for elevation.""]","Seodo has the larger area, but Dongdo has the longer coastline.","Seodo: 88,740 m² / Dongdo: 73,297 m²",,,https://dokdo.mofa.go.kr/kor/introduce/location.jsp | https://www.dokdo.re.kr/home/cms/cmsCont.do?cntnts_sn=64
920027,910027,2,3,3,Which main island has the longer coastline in the table?,"[""Seodo"", ""Dongdo""]",2,Dongdo’s 2.8 km coastline is longer than Seodo’s 2.6 km.,"[""Seodo has the larger area, but its listed coastline is shorter."", ""Dongdo’s 2.8 km coastline is longer than Seodo’s 2.6 km.""]","Seodo has the larger area, but Dongdo has the longer coastline.","Dongdo: area 73,297 m²; coastline 2.8 km
Seodo: area 88,740 m²; coastline 2.6 km",,,https://dokdo.mofa.go.kr/kor/introduce/location.jsp | https://www.dokdo.re.kr/home/cms/cmsCont.do?cntnts_sn=64
920028,910028,2,4,3,Which comparison of both area and coastline agrees with the table?,"[""Seodo has more area; Dongdo has a longer coastline"", ""Seodo has more area and therefore a longer coastline"", ""Dongdo has both more area and a longer coastline""]",1,Area and coastline length are distinct quantities; different islands lead in each.,"[""Area and coastline length are distinct quantities; different islands lead in each."", ""Larger area does not necessarily mean a longer coastline; the table shows Dongdo’s is longer."", ""Dongdo’s coastline is longer, but Seodo’s area is larger.""]","Seodo has the larger area, but Dongdo has the longer coastline.","Dongdo: 73,297 m² / coastline 2.8 km
Seodo: 88,740 m² / coastline 2.6 km
Area measures land extent; coastline length follows the shore.",,,https://dokdo.mofa.go.kr/kor/introduce/location.jsp | https://www.dokdo.re.kr/home/cms/cmsCont.do?cntnts_sn=64
920029,910029,2,1,1,What separates Dongdo and Seodo?,"[""A land road"", ""Sea"", ""A river""]",2,Their exposed land areas are separated by seawater.,"[""The exposed islands are not joined by a land road."", ""Their exposed land areas are separated by seawater."", ""The water between them is sea, not a river.""]",The nearest shores of Dongdo and Seodo are about 151 m apart.,,,"This is a shore-to-shore gap, not the peak-to-peak distance or a walking route.",https://www.dokdo.re.kr/home/cms/cmsCont.do?cntnts_sn=66 | https://www.heritage.go.kr/heri/cul/culSelectDetail.do?VdkVgwKey=16%2C03360000%2C37&pageNo=1_1_2_0
920030,910030,2,2,2,Approximately how far apart are the nearest shores of Dongdo and Seodo?,"[""151 m"", ""87.4 km"", ""98.6 m"", ""168.5 m""]",1,About 151 m is the gap between the nearest shores of the main islands.,"[""About 151 m is the gap between the nearest shores of the main islands."", ""87.4 km is the Ulleungdo–Dokdo distance."", ""98.6 m is Dongdo’s peak elevation, not the gap."", ""168.5 m is Seodo’s peak elevation.""]",The nearest shores of Dongdo and Seodo are about 151 m apart.,,,"This is a shore-to-shore gap, not the peak-to-peak distance or a walking route.",https://www.dokdo.re.kr/home/cms/cmsCont.do?cntnts_sn=66 | https://www.heritage.go.kr/heri/cul/culSelectDetail.do?VdkVgwKey=16%2C03360000%2C37&pageNo=1_1_2_0
920031,910031,2,3,3,Where should the ends of a line marking the 151 m gap be placed?,"[""At the two peaks"", ""At the lighthouse and residence"", ""At the nearest points on the two shores""]",3,"The measurement is shore-to-shore, so the line connects those nearest points.","[""Peaks are not the nearest shore points, so their distance is not labelled 151 m."", ""A facility-to-facility distance is a different measurement."", ""The measurement is shore-to-shore, so the line connects those nearest points.""]",The nearest shores of Dongdo and Seodo are about 151 m apart.,Distance definition: the nearest facing shores of Dongdo and Seodo are approximately 151 m apart.,,"This is a shore-to-shore gap, not the peak-to-peak distance or a walking route.",https://www.dokdo.re.kr/home/cms/cmsCont.do?cntnts_sn=66 | https://www.heritage.go.kr/heri/cul/culSelectDetail.do?VdkVgwKey=16%2C03360000%2C37&pageNo=1_1_2_0
920032,910032,2,4,3,"On a map where 1 cm represents 50 m, how long is a 151 m gap?","[""7,550 cm"", ""3.02 cm"", ""151 cm"", ""0.302 cm""]",2,151 ÷ 50 = 3.02 cm.,"[""That multiplies by 50; map length requires division by 50."", ""151 ÷ 50 = 3.02 cm."", ""This map uses 50 m per centimetre, not 1 m per centimetre."", ""This is one tenth of the required 3.02 cm.""]",The nearest shores of Dongdo and Seodo are about 151 m apart.,"Actual shore gap: about 151 m
Practice map scale: 1 cm represents 50 m
The scale is chosen for this exercise.",,"This is a shore-to-shore gap, not the peak-to-peak distance or a walking route.",https://www.dokdo.re.kr/home/cms/cmsCont.do?cntnts_sn=66 | https://www.heritage.go.kr/heri/cul/culSelectDetail.do?VdkVgwKey=16%2C03360000%2C37&pageNo=1_1_2_0
920033,910033,2,1,1,Which main island of Dokdo is especially marked by a steep peak?,"[""Seodo"", ""Dongdo""]",1,"Seodo is characterised by its higher, steeply rising peak.","[""Seodo is characterised by its higher, steeply rising peak."", ""Dongdo has cliffs too, but its upper area is comparatively level.""]",Seodo rises steeply; Dongdo has a comparatively level upper area.,,,,https://www.heritage.go.kr/heri/cul/culSelectDetail.do?VdkVgwKey=16%2C03360000%2C37&pageNo=1_1_2_0 | https://www.jbe.go.kr/dokdo/assets/sub/picture.html
920034,910034,2,2,2,Which island has the comparatively level upper area used by facilities such as the helipad?,"[""Seodo"", ""Dongdo""]",2,Dongdo’s relatively level upper area accommodates the helipad and other facilities.,"[""Seodo’s steep peak is difficult to access; these facilities are on Dongdo."", ""Dongdo’s relatively level upper area accommodates the helipad and other facilities.""]",Seodo rises steeply; Dongdo has a comparatively level upper area.,,,,https://www.heritage.go.kr/heri/cul/culSelectDetail.do?VdkVgwKey=16%2C03360000%2C37&pageNo=1_1_2_0 | https://www.jbe.go.kr/dokdo/assets/sub/picture.html
920035,910035,2,3,3,Does terrain description A refer to Dongdo or Seodo?,"[""Dongdo"", ""Seodo""]",1,A describes the relatively level upper area with facilities on Dongdo.,"[""A describes the relatively level upper area with facilities on Dongdo."", ""Seodo matches B’s steep-peak description.""]",Seodo rises steeply; Dongdo has a comparatively level upper area.,"A: coastal cliffs, with a comparatively level upper area containing a helipad and facilities.
B: a prominent high, steep peak.",,,https://www.heritage.go.kr/heri/cul/culSelectDetail.do?VdkVgwKey=16%2C03360000%2C37&pageNo=1_1_2_0 | https://www.jbe.go.kr/dokdo/assets/sub/picture.html
920036,910036,2,4,4,What should be changed in a model that makes Dongdo as pointed as Seodo?,"[""Restore Dongdo’s comparatively level upper area"", ""Make Dongdo higher than Seodo"", ""Remove all of Dongdo’s coastal cliffs""]",1,Represent Dongdo’s comparatively level upper area as well as its coastal cliffs.,"[""Represent Dongdo’s comparatively level upper area as well as its coastal cliffs."", ""Seodo is the higher island; reversing the heights adds an error."", ""A level upper area does not mean the entire island lacks cliffs.""]",Seodo rises steeply; Dongdo has a comparatively level upper area.,"Terrain data: Seodo 168.5 m with a steep peak; Dongdo 98.6 m with coastal cliffs and a comparatively level upper area.
Model to revise: two identical pointed mountains differing only in height.",,,https://www.heritage.go.kr/heri/cul/culSelectDetail.do?VdkVgwKey=16%2C03360000%2C37&pageNo=1_1_2_0 | https://www.jbe.go.kr/dokdo/assets/sub/picture.html
920037,910037,2,1,1,Does Dokdo’s terrain continue underwater below Dongdo and Seodo?,"[""It ends at sea level"", ""It continues underwater""]",2,Dongdo and Seodo are exposed parts of an underwater volcanic structure.,"[""The visible land is not the whole structure; it continues below the surface."", ""Dongdo and Seodo are exposed parts of an underwater volcanic structure.""]",Dongdo and Seodo are exposed parts of a much larger underwater volcanic structure.,,,,https://www.dokdo.re.kr/home/cms/cmsCont.do?cntnts_sn=66
920038,910038,2,2,2,The two main islands of Dokdo are exposed parts of what?,"[""A river delta"", ""An underwater volcanic structure"", ""A coral-built island""]",2,The exposed islands belong to a volcanic structure formed underwater.,"[""Dokdo is volcanic, not a delta built by river sediment."", ""The exposed islands belong to a volcanic structure formed underwater."", ""Volcanic activity, rather than coral growth, formed Dokdo.""]",Dongdo and Seodo are exposed parts of a much larger underwater volcanic structure.,,,,https://www.dokdo.re.kr/home/cms/cmsCont.do?cntnts_sn=66
920039,910039,2,3,3,"From where is the approximately 2,300 m height of Dokdo’s volcanic structure measured?","[""From sea level to Seodo’s peak"", ""From sea level to Dongdo’s peak"", ""From the submarine base""]",3,"About 2,300 m describes the entire structure from its submarine base.","[""Seodo’s peak is 168.5 m above sea level; the reference point differs."", ""Dongdo’s elevation above sea level is 98.6 m."", ""About 2,300 m describes the entire structure from its submarine base.""]",Dongdo and Seodo are exposed parts of a much larger underwater volcanic structure.,"Seodo’s elevation above sea level: 168.5 m.
The full Dokdo volcanic structure: about 2,300 m from its submarine base.
Note the different reference levels.",,,https://www.dokdo.re.kr/home/cms/cmsCont.do?cntnts_sn=66
920040,910040,2,4,3,"Why can 168.5 m and about 2,300 m both appear in descriptions of Dokdo’s height?","[""The reference points for height differ"", ""168.5 m is Dongdo and 2,300 m is Seodo"", ""Only the units differ for measurements from one reference""]",1,"168.5 m is relative to sea level; about 2,300 m is relative to the submarine base.","[""168.5 m is relative to sea level; about 2,300 m is relative to the submarine base."", ""Seodo reaches 168.5 m above sea level; Dongdo reaches 98.6 m."", ""Both use metres; their reference points differ.""]",Dongdo and Seodo are exposed parts of a much larger underwater volcanic structure.,"Sea level → Seodo’s peak: 168.5 m
Submarine volcanic base → top of the structure: about 2,300 m",,,https://www.dokdo.re.kr/home/cms/cmsCont.do?cntnts_sn=66
920041,910041,3,1,1,Which natural process originally formed Dokdo?,"[""Deposition of river sand"", ""Coral growth"", ""Underwater volcanic activity"", ""Glacial deposition""]",3,Erupted volcanic material accumulated to form the Dokdo volcanic structure.,"[""River deposits form other landforms, but Dokdo’s origin is volcanic."", ""Unlike a coral island, Dokdo is volcanic."", ""Erupted volcanic material accumulated to form the Dokdo volcanic structure."", ""Dokdo is not described as an island built by glacial deposits.""]",Dokdo formed from material erupted by underwater volcanic activity.,,,,https://www.dokdo.re.kr/home/cms/cmsCont.do?cntnts_sn=66
920042,910042,3,2,1,Where did the volcanic activity that formed Dokdo begin?,"[""At a river mouth on land"", ""Under the sea"", ""On a sandy beach""]",2,The structure grew underwater before part emerged above the surface.,"[""Dokdo began beneath the East Sea, not at a river mouth."", ""The structure grew underwater before part emerged above the surface."", ""Its origin was submarine volcanism, not construction on an existing beach.""]",Dokdo formed from material erupted by underwater volcanic activity.,,,,https://www.dokdo.re.kr/home/cms/cmsCont.do?cntnts_sn=66
920043,910043,3,3,3,Which sequence describes Dokdo’s formation?,"[""Emergence → submarine eruption → accumulation"", ""Accumulation → emergence → first submarine eruption"", ""Submarine eruption → accumulation → emergence""]",3,Erupted material accumulated and built a structure that eventually emerged.,"[""The account does not place emergence before the initial submarine activity."", ""Eruption supplies the material that accumulates."", ""Erupted material accumulated and built a structure that eventually emerged.""]",Dokdo formed from material erupted by underwater volcanic activity.,"Volcanic material erupted underwater, accumulated into a growing structure, and eventually emerged above the sea.",,,https://www.dokdo.re.kr/home/cms/cmsCont.do?cntnts_sn=66
920044,910044,3,4,3,Which account combines Dokdo’s volcanic origin with later wave erosion?,"[""Volcanism built the island; later waves eroded its coast"", ""Waves caused the original volcanic eruptions"", ""The coast stopped changing after volcanic formation""]",1,"Formation and later reshaping are different processes, both relevant to Dokdo.","[""Formation and later reshaping are different processes, both relevant to Dokdo."", ""Waves reshape the coast; the account does not identify them as causing eruptions."", ""The account describes erosion after emergence.""]",Dokdo formed from material erupted by underwater volcanic activity.,"Dokdo originated through submarine volcanism. Erosion became dominant after emergence, leaving only part of the originally exposed structure.",,,https://www.dokdo.re.kr/home/cms/cmsCont.do?cntnts_sn=66
920045,910045,3,1,1,Where did Dokdo grow before emerging above the water?,"[""On Ulleungdo’s land"", ""Beneath the East Sea"", ""At a river mouth on the Korean Peninsula""]",2,Dokdo is the exposed part of a structure that grew beneath the sea.,"[""Dokdo is not described here as land broken off from Ulleungdo."", ""Dokdo is the exposed part of a structure that grew beneath the sea."", ""Dokdo is a submarine volcanic island rather than a river-mouth deposit.""]","Dokdo grew underwater, emerged, and was reshaped by erosion over a long period.",,,"Formation ages are approximate research estimates, not exact calendar dates.",https://www.dokdo.re.kr/home/cms/cmsCont.do?cntnts_sn=66
920046,910046,3,2,2,What has eroded Dokdo’s coast since the islands formed?,"[""Coral growing over the islands"", ""Sand deposited at a river mouth"", ""Erosion by waves""]",3,"Erosion, including wave action, reshaped the exposed coastline.","[""The account does not attribute the main reshaping to coral growth."", ""The account of Dokdo differs from formation of a river delta."", ""Erosion, including wave action, reshaped the exposed coastline.""]","Dokdo grew underwater, emerged, and was reshaped by erosion over a long period.",,,"Formation ages are approximate research estimates, not exact calendar dates.",https://www.dokdo.re.kr/home/cms/cmsCont.do?cntnts_sn=66
920047,910047,3,3,3,Which event happened first in the Dokdo formation timeline?,"[""The beginning of submarine volcanic activity"", ""Emergence above the sea""]",1,About 4.6 million years ago is earlier than about 2.5 million years ago.,"[""About 4.6 million years ago is earlier than about 2.5 million years ago."", ""Emergence occurred later than the beginning of submarine activity.""]","Dokdo grew underwater, emerged, and was reshaped by erosion over a long period.",Formation account: submarine volcanism began at least approximately 4.6 million years ago; emergence began around 2.5 million years ago.,,"Formation ages are approximate research estimates, not exact calendar dates.",https://www.dokdo.re.kr/home/cms/cmsCont.do?cntnts_sn=66
920048,910048,3,4,3,What is the approximate difference between 4.6 and 2.5 million years ago?,"[""7.1 million years"", ""210,000 years"", ""2.5 million years"", ""2.1 million years""]",4,"4.6 − 2.5 = 2.1 million years, using the supplied approximate dates.","[""This adds the ages instead of finding their difference."", ""This is one tenth of the calculated difference."", ""2.5 million years is one event’s age, not the gap between them."", ""4.6 − 2.5 = 2.1 million years, using the supplied approximate dates.""]","Dokdo grew underwater, emerged, and was reshaped by erosion over a long period.",Approximate dates for calculation: submarine volcanic activity 4.6 million years ago; emergence 2.5 million years ago. This calculation does not establish an exact formation duration.,,"Formation ages are approximate research estimates, not exact calendar dates.",https://www.dokdo.re.kr/home/cms/cmsCont.do?cntnts_sn=66
920049,910049,3,1,1,What movement of seawater erodes Dokdo’s coastal rock?,"[""Waves"", ""River flow"", ""Glacial movement""]",1,Waves striking the shore contribute to erosion.,"[""Waves striking the shore contribute to erosion."", ""The question describes waves at the coast, not river flow."", ""The coastal process described is wave erosion rather than glacial movement.""]","Wave erosion helps shape Dokdo’s coastal cliffs, caves and arches.",,,,https://www.dokdo.re.kr/home/cms/cmsCont.do?cntnts_sn=66 | https://korean.visitkorea.or.kr/detail/ms_detail.do?cotid=0fe4eeb6-3f6a-48b1-ab75-c8d4ab6b43be
920050,910050,3,2,2,What is the wearing away of Dokdo’s coastal rock by waves called?,"[""Deposition"", ""Marine erosion"", ""Eruption""]",2,Marine erosion is the wearing away of coastal material by the sea.,"[""Deposition is accumulation; the question concerns wearing away."", ""Marine erosion is the wearing away of coastal material by the sea."", ""Eruption releases volcanic material rather than eroding coastal rock.""]","Wave erosion helps shape Dokdo’s coastal cliffs, caves and arches.",,,,https://www.dokdo.re.kr/home/cms/cmsCont.do?cntnts_sn=66 | https://korean.visitkorea.or.kr/detail/ms_detail.do?cotid=0fe4eeb6-3f6a-48b1-ab75-c8d4ab6b43be
920051,910051,3,3,3,Which process contributed to the arch opening in Dongnimmun Rock?,"[""Accumulation of sand carried by a river"", ""Coral growing into a ring"", ""Wave erosion of coastal rock""]",3,The rock is a sea arch formed through erosion of coastal rock.,"[""This is an opening eroded through rock, not a river-sand deposit."", ""The arch is in coastal rock, not a coral ring."", ""The rock is a sea arch formed through erosion of coastal rock.""]","Wave erosion helps shape Dokdo’s coastal cliffs, caves and arches.",Dongnimmun Rock is a sea arch on Dongdo. A sea arch is coastal rock eroded into an arch-shaped remnant.,,,https://www.dokdo.re.kr/home/cms/cmsCont.do?cntnts_sn=66 | https://korean.visitkorea.or.kr/detail/ms_detail.do?cotid=0fe4eeb6-3f6a-48b1-ab75-c8d4ab6b43be
920052,910052,3,4,3,Which description identifies a wave-eroded landform on Dokdo?,"[""Weak parts of coastal rock were eroded into an opening"", ""Erupted material accumulated into a larger submarine volcano"", ""Sand settled underwater to form a new layer""]",1,"This describes coastal rock being worn away, consistent with marine erosion.","[""This describes coastal rock being worn away, consistent with marine erosion."", ""This describes volcanic construction, not coastal erosion."", ""Settling and accumulation are deposition rather than erosion.""]","Wave erosion helps shape Dokdo’s coastal cliffs, caves and arches.",Classification: marine erosion wears away coastal rock. Dokdo’s sea caves and arches are associated with this process.,,,https://www.dokdo.re.kr/home/cms/cmsCont.do?cntnts_sn=66 | https://korean.visitkorea.or.kr/detail/ms_detail.do?cotid=0fe4eeb6-3f6a-48b1-ab75-c8d4ab6b43be
920053,910053,3,1,1,What is the process in which exposure weakens Dokdo’s rocks over time?,"[""Eruption"", ""Weathering"", ""Deposition""]",2,Weathering weakens or breaks down rock through environmental exposure.,"[""Eruption releases material; it does not name the breakdown of existing rock."", ""Weathering weakens or breaks down rock through environmental exposure."", ""Deposition is the accumulation of material.""]","Weathering weakens Dokdo’s rock and erosion wears it away, reshaping the coast.",,,,https://www.dokdo.re.kr/home/cms/cmsCont.do?cntnts_sn=66
920054,910054,3,2,2,What process occurs when eroded fragments from Dokdo accumulate elsewhere?,"[""Eruption"", ""Weathering"", ""Deposition""]",3,"The accumulation stage is deposition, distinct from removal by erosion.","[""Accumulating transported fragments is not a volcanic eruption."", ""Weathering breaks rock down; deposition is accumulation."", ""The accumulation stage is deposition, distinct from removal by erosion.""]","Weathering weakens Dokdo’s rock and erosion wears it away, reshaping the coast.",,,,https://www.dokdo.re.kr/home/cms/cmsCont.do?cntnts_sn=66
920055,910055,3,3,3,Which order matches rock weakening followed by removal by waves on Dokdo?,"[""Weathering → erosion"", ""Deposition → weathering"", ""Eruption → deposition""]",1,Weathering weakens the rock before erosion removes material.,"[""Weathering weakens the rock before erosion removes material."", ""No initial accumulation is described; the first process is weathering."", ""The observation concerns existing coastal rock, not a new eruption.""]","Weathering weakens Dokdo’s rock and erosion wears it away, reshaping the coast.","Illustrative observation: cracks widened in Dokdo’s coastal rock, then waves removed material from the weakened section. This describes processes, not a dated field measurement.",,,https://www.dokdo.re.kr/home/cms/cmsCont.do?cntnts_sn=66
920056,910056,3,4,4,Which pair of records is suitable for comparing change in Dokdo’s coastline?,"[""A whole-Seodo image and a close-up of one Dongdo rock"", ""Two dates of the same coastal section at the same scale"", ""Dongdo elevations and Ulleungdo temperatures""]",2,Matching location and scale allows a meaningful comparison of coastline change.,"[""These differ in both location and coverage."", ""Matching location and scale allows a meaningful comparison of coastline change."", ""These tables do not show the coastline’s position at two times.""]","Weathering weakens Dokdo’s rock and erosion wears it away, reshaping the coast.",Weathering and erosion can produce small changes along Dokdo’s coast. A survey needs to compare past and newer observations of the same section.,,,https://www.dokdo.re.kr/home/cms/cmsCont.do?cntnts_sn=66
920057,910057,3,1,1,On which main island of Dokdo is Mulgol?,"[""Dongdo"", ""Seodo""]",2,Mulgol is a water source on Seodo’s coast.,"[""Unlike Cheonjang Cave on Dongdo, Mulgol is on Seodo."", ""Mulgol is a water source on Seodo’s coast.""]",Mulgol on Seodo supplies dripping water and was used as a drinking-water source before desalination facilities.,,,,https://www.dokdo.re.kr/home/cms/cmsCont.do?cntnts_sn=66 | https://dokdo.mofa.go.kr/kor/introduce/facility.jsp
920058,910058,3,2,2,"Before desalination facilities, what was Mulgol used for?","[""A boat landing"", ""A helicopter landing"", ""A source of drinking water""]",3,Water dripping at Mulgol was used for drinking.,"[""A docking facility serves a different function from Mulgol’s water supply."", ""Mulgol is a water source, not a helipad."", ""Water dripping at Mulgol was used for drinking.""]",Mulgol on Seodo supplies dripping water and was used as a drinking-water source before desalination facilities.,,,,https://www.dokdo.re.kr/home/cms/cmsCont.do?cntnts_sn=66 | https://dokdo.mofa.go.kr/kor/introduce/facility.jsp
920059,910059,3,3,3,Which place name completes the description?,"[""Mulgol"", ""Cheonjang Cave"", ""Dongnimmun Rock""]",1,A historical water source on Seodo identifies Mulgol.,"[""A historical water source on Seodo identifies Mulgol."", ""Cheonjang Cave is a depression on Dongdo; Seodo’s historical water source is Mulgol."", ""Dongnimmun Rock is a coastal sea arch on Dongdo.""]",Mulgol on Seodo supplies dripping water and was used as a drinking-water source before desalination facilities.,"At [   ] on Seodo, water drips from the rock. It was used for drinking before seawater-desalination equipment was installed.",,,https://www.dokdo.re.kr/home/cms/cmsCont.do?cntnts_sn=66 | https://dokdo.mofa.go.kr/kor/introduce/facility.jsp
920060,910060,3,4,3,Which pairing correctly describes water supply at Mulgol and at a desalination facility?,"[""Mulgol: a seawater boiler / desalination: dripping rock water"", ""Mulgol: dripping water / desalination: removing salt from seawater"", ""Both collect water from the same rock crevice""]",2,One collects naturally dripping water; the other processes seawater.,"[""The sources are reversed. Mulgol is a place, not a machine."", ""One collects naturally dripping water; the other processes seawater."", ""Desalination processes seawater and is not the same as Mulgol.""]",Mulgol on Seodo supplies dripping water and was used as a drinking-water source before desalination facilities.,"Mulgol: dripping rock water on Seodo, historically used for drinking.
Desalination: equipment that removes salt from seawater for use.",,,https://www.dokdo.re.kr/home/cms/cmsCont.do?cntnts_sn=66 | https://dokdo.mofa.go.kr/kor/introduce/facility.jsp
920061,910061,4,1,1,What does Dokdo provide for birds making long migrations?,"[""A place used only in winter"", ""A permanent home for every visiting bird"", ""A place to rest during migration""]",3,Migrating birds can pause on Dokdo before continuing their journeys.,"[""Dokdo is described as a migration stopover, not a place used only in winter."", ""A stopover does not mean that every visiting bird settles permanently."", ""Migrating birds can pause on Dokdo before continuing their journeys.""]",Dokdo is a stopover where migrating birds can rest.,,,,https://dokdo.mofa.go.kr/kor/introduce/nature.jsp
920062,910062,4,2,2,What is a place such as Dokdo where migrating birds pause called?,"[""A stopover site"", ""A breeding site"", ""A wintering site""]",1,A temporary resting place during a journey is a stopover.,"[""A temporary resting place during a journey is a stopover."", ""A breeding site supports eggs and young, distinct from a short rest."", ""A wintering site is used for the winter, not merely a short pause.""]",Dokdo is a stopover where migrating birds can rest.,,,,https://dokdo.mofa.go.kr/kor/introduce/nature.jsp
920063,910063,4,3,3,"In the route “departure → rest on Dokdo → destination”, what role does Dokdo play?","[""The departure site"", ""A stopover"", ""The final destination""]",2,"The birds rest between departure and destination, making Dokdo a stopover.","[""In the given route, the birds departed before reaching Dokdo."", ""The birds rest between departure and destination, making Dokdo a stopover."", ""They continue elsewhere after resting, so Dokdo is not the final destination.""]",Dokdo is a stopover where migrating birds can rest.,Illustrative migration route: departure → a short rest on Dokdo → destination. This is not a tracked route of an individual bird.,,,https://dokdo.mofa.go.kr/kor/introduce/nature.jsp
920064,910064,4,4,3,Which of the two bird observations on Dokdo describes a stopover?,"[""A: resting briefly and then continuing elsewhere"", ""B: incubating eggs and raising chicks at a nest""]",1,Resting before continuing a longer journey is a stopover.,"[""Resting before continuing a longer journey is a stopover."", ""B describes breeding, not simply stopping during migration.""]",Dokdo is a stopover where migrating birds can rest.,Dokdo is a stopover and a breeding site for some seabirds. Illustrative observations: A rests during migration and leaves; B raises chicks at a nest.,,,https://dokdo.mofa.go.kr/kor/introduce/nature.jsp
920065,910065,4,1,1,Which bird is recorded as breeding on Dokdo?,"[""Emperor penguin"", ""Ostrich"", ""Black-tailed gull""]",3,Black-tailed gulls are among the seabirds recorded as breeding on Dokdo.,"[""The Dokdo breeding-bird account identifies black-tailed gulls, not emperor penguins."", ""The question asks about Dokdo’s breeding seabirds; ostriches are not in this group."", ""Black-tailed gulls are among the seabirds recorded as breeding on Dokdo.""]","Black-tailed gulls, storm petrels and streaked shearwaters are recorded as breeding seabirds on Dokdo.",,,,https://www.heritage.go.kr/heri/cul/culSelectDetail.do?VdkVgwKey=16%2C03360000%2C37&pageNo=1_1_2_0 | https://dokdo.mofa.go.kr/kor/introduce/nature.jsp
920066,910066,4,2,2,What does it mean that black-tailed gulls breed on Dokdo?,"[""They lay eggs and raise chicks."", ""They only stop to rest and leave."", ""They only look for food and leave.""]",1,"Breeding produces the next generation, including laying eggs and raising chicks.","[""Breeding produces the next generation, including laying eggs and raising chicks."", ""A brief stopover and breeding are different activities."", ""Feeding may occur during breeding, but does not by itself define breeding.""]","Black-tailed gulls, storm petrels and streaked shearwaters are recorded as breeding seabirds on Dokdo.",,,,https://www.heritage.go.kr/heri/cul/culSelectDetail.do?VdkVgwKey=16%2C03360000%2C37&pageNo=1_1_2_0 | https://dokdo.mofa.go.kr/kor/introduce/nature.jsp
920067,910067,4,3,3,Which set contains only birds listed as breeding on Dokdo?,"[""Black-tailed gulls, emperor penguins and streaked shearwaters"", ""Black-tailed gulls, storm petrels and streaked shearwaters"", ""Storm petrels, streaked shearwaters and ostriches""]",2,These are the three breeding-bird groups listed in the supplied account.,"[""Emperor penguins are not in the supplied list of Dokdo breeding birds."", ""These are the three breeding-bird groups listed in the supplied account."", ""Ostriches are not among the listed breeding seabirds.""]","Black-tailed gulls, storm petrels and streaked shearwaters are recorded as breeding seabirds on Dokdo.","Breeding birds named in the Dokdo Natural Reserve account: storm petrels, streaked shearwaters and black-tailed gulls.",,,https://www.heritage.go.kr/heri/cul/culSelectDetail.do?VdkVgwKey=16%2C03360000%2C37&pageNo=1_1_2_0 | https://dokdo.mofa.go.kr/kor/introduce/nature.jsp
920068,910068,4,4,3,Which observation demonstrates Dokdo’s function as a breeding site?,"[""A migrant rests on a rock and soon leaves"", ""A bird flies past above the islands"", ""A black-tailed gull feeds chicks at its nest""]",3,Raising chicks at a nest demonstrates use of a breeding site.,"[""This indicates a stopover but not breeding."", ""Flying past alone does not establish breeding on the islands."", ""Raising chicks at a nest demonstrates use of a breeding site.""]","Black-tailed gulls, storm petrels and streaked shearwaters are recorded as breeding seabirds on Dokdo.",Breeding involves producing and raising young; a stopover is a temporary pause during migration. The observations below are illustrative examples.,,,https://www.heritage.go.kr/heri/cul/culSelectDetail.do?VdkVgwKey=16%2C03360000%2C37&pageNo=1_1_2_0 | https://dokdo.mofa.go.kr/kor/introduce/nature.jsp
920069,910069,4,1,1,Which seaweed grows in the waters around Dokdo?,"[""Wakame"", ""Streaked shearwater"", ""Seaside daisy""]",1,Wakame is a seaweed listed for waters around Dokdo.,"[""Wakame is a seaweed listed for waters around Dokdo."", ""A streaked shearwater is a seabird, not seaweed."", ""Seaside daisy is a flowering land plant on Dokdo.""]",Dokdo supports both seabirds and underwater seaweeds.,,,,https://dokdo.mofa.go.kr/kor/introduce/nature.jsp | https://www.heritage.go.kr/heri/cul/culSelectDetail.do?VdkVgwKey=16%2C03360000%2C37&pageNo=1_1_2_0
920070,910070,4,2,2,How are Dokdo’s black-tailed gull and wakame classified?,"[""Seaweed / seabird"", ""Seabird / seaweed"", ""Seabird / seabird""]",2,The gull is a bird; wakame is a seaweed.,"[""The classifications have been reversed."", ""The gull is a bird; wakame is a seaweed."", ""Wakame is seaweed, not a bird.""]",Dokdo supports both seabirds and underwater seaweeds.,,,,https://dokdo.mofa.go.kr/kor/introduce/nature.jsp | https://www.heritage.go.kr/heri/cul/culSelectDetail.do?VdkVgwKey=16%2C03360000%2C37&pageNo=1_1_2_0
920071,910071,4,3,3,"In “Dokdo is a breeding site for 海鳥類”, what does 海鳥類 mean?","[""Seaweeds"", ""Marine fish"", ""Seabirds""]",3,"The character 鳥 means bird, so the term refers to seabirds.","[""The term for seaweeds uses 藻 rather than 鳥."", ""The bird character indicates birds, not fish."", ""The character 鳥 means bird, so the term refers to seabirds.""]",Dokdo supports both seabirds and underwater seaweeds.,"Word key: 海 means sea, 鳥 bird, and 藻 algae. In Korean, 海鳥類 and 海藻類 sound alike but refer to seabirds and seaweeds respectively.",,,https://dokdo.mofa.go.kr/kor/introduce/nature.jsp | https://www.heritage.go.kr/heri/cul/culSelectDetail.do?VdkVgwKey=16%2C03360000%2C37&pageNo=1_1_2_0
920072,910072,4,4,3,Which pair belongs entirely in the “seaweeds” category of Dokdo organisms?,"[""Wakame and kelp"", ""Wakame and streaked shearwater"", ""Black-tailed gull and storm petrel""]",1,Both are seaweeds listed in the Dokdo natural-environment account.,"[""Both are seaweeds listed in the Dokdo natural-environment account."", ""Wakame is seaweed, but the shearwater is a bird."", ""Both are seabirds, not seaweeds.""]",Dokdo supports both seabirds and underwater seaweeds.,"Dokdo list: seaweeds — wakame, kelp; seabirds — black-tailed gulls, storm petrels, streaked shearwaters.",,,https://dokdo.mofa.go.kr/kor/introduce/nature.jsp | https://www.heritage.go.kr/heri/cul/culSelectDetail.do?VdkVgwKey=16%2C03360000%2C37&pageNo=1_1_2_0
920073,910073,4,1,1,Which flowering plant grows on Dokdo’s land?,"[""Wakame"", ""Seaside daisy"", ""Kelp""]",2,Seaside daisy is listed among Dokdo’s land plants.,"[""Wakame is an underwater seaweed."", ""Seaside daisy is listed among Dokdo’s land plants."", ""Kelp is seaweed, not a flowering land plant.""]","Plants on Dokdo include seaside daisy, island stonecrop and rock stonecrop.",,,,https://dokdo.mofa.go.kr/kor/introduce/nature.jsp
920074,910074,4,2,2,What would a survey of seaside daisy and island stonecrop on Dokdo investigate?,"[""Breeding seabirds"", ""Marine fish"", ""Land plants""]",3,Both are plants that grow on Dokdo’s land.,"[""These are plant names, not bird names."", ""These names refer to land plants, not fish."", ""Both are plants that grow on Dokdo’s land.""]","Plants on Dokdo include seaside daisy, island stonecrop and rock stonecrop.",,,,https://dokdo.mofa.go.kr/kor/introduce/nature.jsp
920075,910075,4,3,3,Which pair consists of land plants in the supplied Dokdo list?,"[""Island stonecrop and rock stonecrop"", ""Island stonecrop and wakame"", ""Wakame and kelp""]",1,Both appear in the land-plant list.,"[""Both appear in the land-plant list."", ""Island stonecrop is terrestrial, while wakame is seaweed."", ""Both appear in the seaweed list.""]","Plants on Dokdo include seaside daisy, island stonecrop and rock stonecrop.","Dokdo land plants: seaside daisy, island stonecrop, rock stonecrop.
Seaweeds: wakame and kelp.",,,https://dokdo.mofa.go.kr/kor/introduce/nature.jsp
920076,910076,4,4,3,"If a Dokdo plant survey records only wakame, what should be added to cover land plants?","[""Only other seaweeds such as kelp"", ""Land plants such as seaside daisy and island stonecrop"", ""Seabirds such as black-tailed gulls""]",2,Wakame alone does not represent plants growing on the islands’ land.,"[""Adding seaweeds still leaves land plants unrecorded."", ""Wakame alone does not represent plants growing on the islands’ land."", ""Seabirds matter to biodiversity surveys but are not plants.""]","Plants on Dokdo include seaside daisy, island stonecrop and rock stonecrop.","Survey goal: cover vegetation on both Dokdo’s land and in its waters. The current record contains only wakame, a seaweed.",,,https://dokdo.mofa.go.kr/kor/introduce/nature.jsp
920077,910077,4,1,1,What is protected together as part of Dokdo’s natural heritage?,"[""Only buildings"", ""Only vessels and the dock"", ""Organisms and volcanic landforms""]",3,"Conservation value includes plants, marine life and volcanic terrain as well as birds.","[""The natural reserve is not limited to protecting buildings."", ""Shipping facilities alone do not represent Dokdo’s natural heritage."", ""Conservation value includes plants, marine life and volcanic terrain as well as birds.""]","Dokdo conservation includes breeding seabirds, plants and volcanic landforms.",,,,https://www.heritage.go.kr/heri/cul/culSelectDetail.do?VdkVgwKey=16%2C03360000%2C37&pageNo=1_1_2_0 | https://dokdo.mofa.go.kr/kor/introduce/nature.jsp
920078,910078,4,2,2,What natural processes are recorded in Dokdo’s coastal cliffs?,"[""Volcanic formation and erosion"", ""A valley carved by a glacier"", ""River-mouth sand deposition""]",1,Rock and cliff forms help reveal the island’s construction and erosion.,"[""Rock and cliff forms help reveal the island’s construction and erosion."", ""The cited account describes volcanism and coastal erosion, not a glacial valley."", ""River-mouth sand deposition relates to features such as deltas. Dokdo’s cliffs record erosion of volcanic rock.""]","Dokdo conservation includes breeding seabirds, plants and volcanic landforms.",,,,https://www.heritage.go.kr/heri/cul/culSelectDetail.do?VdkVgwKey=16%2C03360000%2C37&pageNo=1_1_2_0 | https://dokdo.mofa.go.kr/kor/introduce/nature.jsp
920079,910079,4,3,3,What would a Dokdo plan that protects “only seabirds” omit?,"[""Storm petrels and black-tailed gulls"", ""Land plants and volcanic landforms"", ""Seabird breeding""]",2,The supplied account identifies vegetation and landforms as valuable too.,"[""Both are seabirds and therefore included in that restricted scope."", ""The supplied account identifies vegetation and landforms as valuable too."", ""Breeding-site protection is already directly related to seabirds.""]","Dokdo conservation includes breeding seabirds, plants and volcanic landforms.","The Dokdo Natural Reserve account describes breeding seabirds, land vegetation, volcanic geology and coastal landforms.",,,https://www.heritage.go.kr/heri/cul/culSelectDetail.do?VdkVgwKey=16%2C03360000%2C37&pageNo=1_1_2_0 | https://dokdo.mofa.go.kr/kor/introduce/nature.jsp
920080,910080,4,4,4,Which interpretation-panel plan covers Dokdo’s conservation values most fully?,"[""Repeat only three seabird names"", ""Explain only facility addresses and ferry times"", ""Explain seabird breeding, land plants, volcanic and eroded terrain""]",3,This covers both biological and geological values identified in the account.,"[""Bird names alone leave out vegetation and landforms."", ""Visitor logistics do not explain the reserve’s natural heritage."", ""This covers both biological and geological values identified in the account.""]","Dokdo conservation includes breeding seabirds, plants and volcanic landforms.","The panel aims to explain why Dokdo is conserved as natural heritage. The reserve account identifies birds, vegetation and volcanic landforms.",,,https://www.heritage.go.kr/heri/cul/culSelectDetail.do?VdkVgwKey=16%2C03360000%2C37&pageNo=1_1_2_0 | https://dokdo.mofa.go.kr/kor/introduce/nature.jsp
920081,910081,5,1,1,Which large seaweed helps form underwater forests around Dokdo?,"[""Ecklonia cava"", ""Seaside daisy"", ""Island stonecrop""]",1,Ecklonia cava is described as a forest-forming seaweed in Dokdo’s rocky waters.,"[""Ecklonia cava is described as a forest-forming seaweed in Dokdo’s rocky waters."", ""Seaside daisy is a land plant, unlike the underwater seaweed in the question."", ""Island stonecrop grows on land; the question concerns underwater seaweed.""]",Large seaweeds such as Ecklonia cava and Eisenia bicyclis form underwater forests around Dokdo.,,,,https://www.dokdo.re.kr/home/cms/cmsCont.do?cntnts_sn=87
920082,910082,5,2,2,What is an area where large seaweeds grow abundantly around Dokdo called?,"[""A tidal mudflat"", ""An underwater forest"", ""A coral reef""]",2,"An underwater forest is an area of large, abundant seaweeds.","[""A mudflat is sedimentary coastal habitat, not the name for a seaweed forest."", ""An underwater forest is an area of large, abundant seaweeds."", ""This forest consists of seaweeds, not reef-building corals.""]",Large seaweeds such as Ecklonia cava and Eisenia bicyclis form underwater forests around Dokdo.,,,,https://www.dokdo.re.kr/home/cms/cmsCont.do?cntnts_sn=87
920083,910083,5,3,3,Which pair forms underwater forests in the supplied Dokdo account?,"[""Mussels and stalked barnacles"", ""Crabs and turban snails"", ""Ecklonia cava and Eisenia bicyclis""]",3,"Both are identified as large, forest-forming seaweeds.","[""These are rock-attached animals, not seaweeds that form forests."", ""These animals may use rocky habitat but do not form seaweed forests."", ""Both are identified as large, forest-forming seaweeds.""]",Large seaweeds such as Ecklonia cava and Eisenia bicyclis form underwater forests around Dokdo.,Dokdo rocky-ecosystem account: large seaweeds form forests; mussels and barnacles attach to rock; crabs and snails also live in crevices.,,,https://www.dokdo.re.kr/home/cms/cmsCont.do?cntnts_sn=87
920084,910084,5,4,3,What should be directly compared to monitor changes in Dokdo’s underwater forests?,"[""Coverage of the forest-forming seaweeds in the same area"", ""A single water-temperature reading from different sites"", ""Only the area of seaside-daisy colonies on land""]",1,This measures the target forest itself at the same location.,"[""This measures the target forest itself at the same location."", ""Single temperature readings at different sites do not measure forest-area change through time."", ""Land-plant coverage does not measure the underwater seaweed forest.""]",Large seaweeds such as Ecklonia cava and Eisenia bicyclis form underwater forests around Dokdo.,Survey goal: determine whether the coverage of Dokdo’s seaweed forests changes over time.,,,https://www.dokdo.re.kr/home/cms/cmsCont.do?cntnts_sn=87
920085,910085,5,1,1,Which water flows meet around Dokdo?,"[""Only warm currents"", ""Warm and cold currents"", ""Only cold currents""]",2,Dokdo’s marine environment is influenced by meeting warm and cold currents.,"[""The account includes cold as well as warm currents."", ""Dokdo’s marine environment is influenced by meeting warm and cold currents."", ""An account limited to cold currents omits warm-current influence.""]",Warm and cold currents mix around Dokdo and influence nutrient transport.,,,,https://www.dokdo.re.kr/home/cms/cmsCont.do?cntnts_sn=82
920086,910086,5,2,2,What can mixing of deeper water supply to phytoplankton around Dokdo?,"[""Sunlight"", ""Seabird eggs"", ""Nutrients""]",3,Upward nutrient transport can support phytoplankton growth.,"[""Sunlight comes from above; it is not transported upward by deep water."", ""The described supply concerns nutrients in water, not seabird eggs."", ""Upward nutrient transport can support phytoplankton growth.""]",Warm and cold currents mix around Dokdo and influence nutrient transport.,,Phytoplankton are small organisms that use light and nutrients.,,https://www.dokdo.re.kr/home/cms/cmsCont.do?cntnts_sn=82
920087,910087,5,3,3,Which sequence links water mixing and nutrient supply around Dokdo?,"[""Vertical mixing → deeper nutrients move into upper water"", ""Vertical mixing → complete removal of upper-water nutrients"", ""Vertical mixing → nutrient transport always stops""]",1,This follows the sequence of mixing and upward nutrient transport.,"[""This follows the sequence of mixing and upward nutrient transport."", ""The account describes potential supply, not complete removal."", ""This contradicts transport through mixing.""]",Warm and cold currents mix around Dokdo and influence nutrient transport.,Dokdo island-effect account: currents and wind can promote vertical mixing and supply deeper nutrients to upper waters.,,,https://www.dokdo.re.kr/home/cms/cmsCont.do?cntnts_sn=82
920088,910088,5,4,4,"If vertical mixing around Dokdo decreases, what change should be checked first?","[""Only total young-fish abundance"", ""Nutrient supply to upper waters"", ""Only seabird breeding numbers""]",2,"In the supplied causal chain, nutrient transport is the immediate next step.","[""Fish abundance is further along the chain and has other influences; first check direct transport."", ""In the supplied causal chain, nutrient transport is the immediate next step."", ""Seabird breeding is not identified as the immediate next step in this chain.""]",Warm and cold currents mix around Dokdo and influence nutrient transport.,Relationship to examine: vertical mixing → nutrient supply to upper waters → support for phytoplankton growth. Reduced mixing alone does not establish an immediate decline in organisms.,,,https://www.dokdo.re.kr/home/cms/cmsCont.do?cntnts_sn=82
920089,910089,5,1,1,Which small photosynthetic organisms support food links around Dokdo?,"[""Young fish"", ""Sea lions"", ""Phytoplankton""]",3,Phytoplankton use light and can become food for other organisms.,"[""Young fish do not produce food through photosynthesis."", ""Sea lions consume other organisms and are not photosynthetic."", ""Phytoplankton use light and can become food for other organisms.""]","Food links around Dokdo can connect phytoplankton, zooplankton and young fish.",,,,https://www.dokdo.re.kr/home/cms/cmsCont.do?cntnts_sn=82
920090,910090,5,2,2,Which organisms consume phytoplankton in this Dokdo food link?,"[""Zooplankton"", ""Ecklonia cava"", ""Eisenia bicyclis""]",1,"In this link, zooplankton eat phytoplankton and can feed young fish.","[""In this link, zooplankton eat phytoplankton and can feed young fish."", ""This seaweed is not the phytoplankton-consuming animal in the supplied link."", ""This is also seaweed, distinct from consuming zooplankton.""]","Food links around Dokdo can connect phytoplankton, zooplankton and young fish.",,Simple food link: phytoplankton → zooplankton → young fish. Arrows run from food to consumer.,,https://www.dokdo.re.kr/home/cms/cmsCont.do?cntnts_sn=82
920091,910091,5,3,3,Which organisms eat zooplankton in the supplied food chain?,"[""Phytoplankton"", ""Young fish"", ""Ecklonia cava""]",2,The arrow runs from zooplankton to young fish.,"[""In this chain, phytoplankton are eaten by zooplankton."", ""The arrow runs from zooplankton to young fish."", ""The supplied chain does not identify this seaweed as a zooplankton consumer.""]","Food links around Dokdo can connect phytoplankton, zooplankton and young fish.",Simplified food link around Dokdo: phytoplankton → zooplankton → young fish. Arrows point from food organisms to their consumers.,,,https://www.dokdo.re.kr/home/cms/cmsCont.do?cntnts_sn=82
920092,910092,5,4,4,Which organisms should be surveyed to examine food supply for young fish around Dokdo?,"[""Only coastal seabird nest counts"", ""Only land-plant species on the islands"", ""Abundance of zooplankton used as food""]",3,This surveys the food directly consumed by the young fish in the given link.,"[""Nest counts do not measure zooplankton available to young fish."", ""A land-plant list does not measure the supplied marine food link."", ""This surveys the food directly consumed by the young fish in the given link.""]","Food links around Dokdo can connect phytoplankton, zooplankton and young fish.","Link for investigation: zooplankton consume phytoplankton, and some young fish consume zooplankton. This is not a complete web for all organisms around Dokdo.",,,https://www.dokdo.re.kr/home/cms/cmsCont.do?cntnts_sn=82
920093,910093,5,1,1,Which marine mammal once lived in groups on Dokdo but disappeared?,"[""Japanese sea lion"", ""Sea otter"", ""Seal""]",1,The Dokdo catch records and population study concern the extinct Japanese sea lion.,"[""The Dokdo catch records and population study concern the extinct Japanese sea lion."", ""A sea otter is a different marine mammal, not the sea lion in this historical account."", ""Seals and sea lions are different groups; this account concerns sea lions.""]","Sea lions once lived on Dokdo, and excessive hunting contributed greatly to their decline and extinction.",,,,https://www.mof.go.kr/doc/ko/selectDoc.do?bbsSeq=10&docSeq=45126&menuSeq=971 | https://www.mdpi.com/2077-1312/10/2/271
920094,910094,5,2,2,Which human activity contributed greatly to Dokdo sea lions’ decline?,"[""Expansion of farmland on the islands"", ""Excessive hunting"", ""Seaweed harvesting alone""]",2,Research using catch records identifies heavy hunting pressure as a major cause.,"[""The study identifies hunting, not farmland expansion, as the central human pressure."", ""Research using catch records identifies heavy hunting pressure as a major cause."", ""The research examines direct hunting of sea lions rather than seaweed harvesting alone.""]","Sea lions once lived on Dokdo, and excessive hunting contributed greatly to their decline and extinction.",,,,https://www.mof.go.kr/doc/ko/selectDoc.do?bbsSeq=10&docSeq=45126&menuSeq=971 | https://www.mdpi.com/2077-1312/10/2/271
920095,910095,5,3,3,Which historical human-activity records were used in research on Dokdo sea lions?,"[""Only annual seabird nest counts"", ""Only present fish catches"", ""Historical annual sea lion catches""]",3,Catch information provides a model input for population change.,"[""Bird nests do not record the number of sea lions caught."", ""Present fish catches differ in species and period from historical sea lion catches."", ""Catch information provides a model input for population change.""]","Sea lions once lived on Dokdo, and excessive hunting contributed greatly to their decline and extinction.",A 2022 study simulated historical sea lion population changes using surviving catch information and biological assumptions.,,,https://www.mof.go.kr/doc/ko/selectDoc.do?bbsSeq=10&docSeq=45126&menuSeq=971 | https://www.mdpi.com/2077-1312/10/2/271
920096,910096,5,4,3,Which component increases directly when hunting pressure rises in a sea lion model?,"[""Losses from the population through catches"", ""The number of newborns"", ""The number actually observed in a past survey""]",1,"Hunting directly adds catch losses, which must be compared with replacement through births.","[""Hunting directly adds catch losses, which must be compared with replacement through births."", ""Increased catches do not directly produce a matching increase in births."", ""Changing model assumptions does not alter historical observations.""]","Sea lions once lived on Dokdo, and excessive hunting contributed greatly to their decline and extinction.",Model balance: births increase the population; natural mortality and catches reduce it. Consider increasing hunting pressure while holding reproduction assumptions constant.,,,https://www.mof.go.kr/doc/ko/selectDoc.do?bbsSeq=10&docSeq=45126&menuSeq=971 | https://www.mdpi.com/2077-1312/10/2/271
920097,910097,5,1,1,What is a historical sea lion population calculated from records called?,"[""A complete count made at that time"", ""An estimate"", ""A live population count today""]",2,"A calculation from incomplete records and assumptions is an estimate, not a complete census.","[""The value was calculated rather than obtained by counting every individual."", ""A calculation from incomplete records and assumptions is an estimate, not a complete census."", ""It estimates a historical population, not current observations.""]",Modelled historical sea lion populations must be distinguished from complete field counts.,,,,https://www.mdpi.com/2077-1312/10/2/271 | https://www.mof.go.kr/doc/ko/selectDoc.do?bbsSeq=10&docSeq=45126&menuSeq=971
920098,910098,5,2,1,What does a historical Dokdo sea lion catch total count?,"[""Every sea lion alive at the time"", ""Sea lions born that year"", ""Sea lions caught by people""]",3,"A catch total counts sea lions taken by people. It is not the whole population, which also includes uncaught animals.","[""Uncaught animals may exist, so equality cannot be assumed."", ""Catches count animals taken by hunting, not births."", ""A catch total counts sea lions taken by people. It is not the whole population, which also includes uncaught animals.""]",Modelled historical sea lion populations must be distinguished from complete field counts.,,,,https://www.mdpi.com/2077-1312/10/2/271 | https://www.mof.go.kr/doc/ko/selectDoc.do?bbsSeq=10&docSeq=45126&menuSeq=971
920099,910099,5,3,3,Which label correctly describes a modelled sea lion population?,"[""An estimate calculated from historical records and assumptions"", ""A full count made by researchers at the historical time"", ""The number of sea lions now living on Dokdo""]",1,This identifies the calculation and distinguishes it from observation.,"[""This identifies the calculation and distinguishes it from observation."", ""The account describes modelling, not a historical full census."", ""The study concerns the historical population, not a present count.""]",Modelled historical sea lion populations must be distinguished from complete field counts.,Method: historical catch records were combined with assumptions about reproduction and mortality to calculate population change.,,,https://www.mdpi.com/2077-1312/10/2/271 | https://www.mof.go.kr/doc/ko/selectDoc.do?bbsSeq=10&docSeq=45126&menuSeq=971
920100,910100,5,4,4,What should be done if a reproductive assumption in the sea lion model changes?,"[""Relabel the old estimate as a direct observation"", ""Recalculate and compare how much the results change"", ""Alter catch records to match the desired result""]",2,This checks how strongly results depend on the assumption.,"[""Changing assumptions does not turn an estimate into an observation."", ""This checks how strongly results depend on the assumption."", ""Original records should not be altered; the model’s response should be examined.""]",Modelled historical sea lion populations must be distinguished from complete field counts.,The sea lion model uses catch records and assumptions about reproduction and mortality. A researcher wants to examine sensitivity to one assumption.,,,https://www.mdpi.com/2077-1312/10/2/271 | https://www.mof.go.kr/doc/ko/selectDoc.do?bbsSeq=10&docSeq=45126&menuSeq=971
920101,910101,6,1,1,On which main island is Dokdo Lighthouse?,"[""Seodo"", ""Dongdo""]",2,The lighthouse is on Dongdo; residents’ accommodation is on Seodo.,"[""Unlike the accommodation on Seodo, the lighthouse is on Dongdo."", ""The lighthouse is on Dongdo; residents’ accommodation is on Seodo.""]",Dokdo Lighthouse stands on Dongdo and helps vessels recognise their position at sea.,,,,https://dokdo.mofa.go.kr/kor/introduce/facility.jsp
920102,910102,6,2,2,How does Dokdo Lighthouse help passing vessels?,"[""It provides a docking space"", ""It converts seawater into fresh water"", ""It provides a light to help recognise location""]",3,The light serves as a navigational aid for recognising location.,"[""Docking space is provided by the dock, while a lighthouse is a navigational aid."", ""Water treatment is the role of desalination equipment, not the lighthouse."", ""The light serves as a navigational aid for recognising location.""]",Dokdo Lighthouse stands on Dongdo and helps vessels recognise their position at sea.,,,,https://dokdo.mofa.go.kr/kor/introduce/facility.jsp
920103,910103,6,3,3,What is the Dongdo facility that assists navigation using light?,"[""Dokdo Lighthouse"", ""Docking facility"", ""Desalination facility""]",1,Combining the location and function identifies Dokdo Lighthouse.,"[""Combining the location and function identifies Dokdo Lighthouse."", ""The dock is a landing space, not the light-based aid."", ""Desalination equipment processes seawater.""]",Dokdo Lighthouse stands on Dongdo and helps vessels recognise their position at sea.,Dongdo facility guide: lighthouse — navigation light; dock — vessel landing; desalination equipment — water production.,,,https://dokdo.mofa.go.kr/kor/introduce/facility.jsp
920104,910104,6,4,3,Which facilities respectively assist location recognition and landing at Dokdo?,"[""Dock → lighthouse"", ""Lighthouse → dock"", ""Desalination facility → accommodation""]",2,The lighthouse aids navigation; the dock provides the landing point.,"[""The functions have been reversed."", ""The lighthouse aids navigation; the dock provides the landing point."", ""These provide water and living space, not navigation and docking.""]",Dokdo Lighthouse stands on Dongdo and helps vessels recognise their position at sea.,"A vessel approaches Dokdo, recognises its position using a navigational aid, and docks at the designated place if landing is permitted. Choose the facilities in order.",,,https://dokdo.mofa.go.kr/kor/introduce/facility.jsp
920105,910105,6,1,1,On which main island is the dock used for ordinary visitor landings?,"[""Dongdo"", ""Seodo""]",1,Visitor guidance identifies Dongdo’s dock as the ordinary landing and viewing area.,"[""Visitor guidance identifies Dongdo’s dock as the ordinary landing and viewing area."", ""Seodo is not the standard landing area described for ordinary visits.""]",Dokdo’s main docking facility is on Dongdo and provides a vessel landing point.,,,,https://dokdo.mofa.go.kr/kor/introduce/facility.jsp | https://dokdo.mofa.go.kr/kor/introduce/residence.jsp
920106,910106,6,2,2,What is Dokdo’s docking facility used for?,"[""A helicopter landing area"", ""A place that signals location with light at night"", ""A place where vessels berth and people disembark""]",3,Docking means bringing a vessel alongside land or a facility.,"[""Helicopters use a helipad, not the vessel docking facility."", ""That describes the lighthouse’s navigational role."", ""Docking means bringing a vessel alongside land or a facility.""]",Dokdo’s main docking facility is on Dongdo and provides a vessel landing point.,,,,https://dokdo.mofa.go.kr/kor/introduce/facility.jsp | https://dokdo.mofa.go.kr/kor/introduce/residence.jsp
920107,910107,6,3,3,Which Dongdo facility is described as 80 metres long in the facility guide?,"[""Docking facility"", ""Lighthouse"", ""Residents’ accommodation""]",1,The 80-metre figure refers to the docking facility in the supplied guide.,"[""The 80-metre figure refers to the docking facility in the supplied guide."", ""The supplied guide does not identify 80 metres as the lighthouse height."", ""The accommodation is on Seodo and is not the described dock.""]",Dokdo’s main docking facility is on Dongdo and provides a vessel landing point.,Facility data: Dongdo’s dock is 80 metres long. The lighthouse and guard facilities are on Dongdo; residents’ accommodation is on Seodo.,,,https://dokdo.mofa.go.kr/kor/introduce/facility.jsp | https://dokdo.mofa.go.kr/kor/introduce/residence.jsp
920108,910108,6,4,3,How do the measurements “80 m dock” and “151 m between islands” differ?,"[""Both are distances from Dongdo to Seodo"", ""80 m is dock length; 151 m is the nearest shore-to-shore gap"", ""80 m is Dongdo’s height; 151 m is Seodo’s height""]",2,These measure different objects and should not be treated as the same route.,"[""The 80-metre value is the dock’s length."", ""These measure different objects and should not be treated as the same route."", ""Neither value denotes island elevation in this context.""]",Dokdo’s main docking facility is on Dongdo and provides a vessel landing point.,"Facility data: Dongdo dock, 80 m.
Terrain data: nearest shores of Dongdo and Seodo, about 151 m.",,,https://dokdo.mofa.go.kr/kor/introduce/facility.jsp | https://dokdo.mofa.go.kr/kor/introduce/residence.jsp
920109,910109,6,1,1,On which main island is Dokdo’s residents’ accommodation?,"[""Dongdo"", ""Seodo""]",2,The accommodation is a residential facility on Seodo.,"[""Dongdo has the lighthouse and guard facilities, while this accommodation is on Seodo."", ""The accommodation is a residential facility on Seodo.""]",Dokdo’s residents’ accommodation is on Seodo.,,,,https://dokdo.mofa.go.kr/kor/introduce/facility.jsp | https://www.mof.go.kr/doc/ko/selectDoc.do?bbsSeq=27&docSeq=20937&menuSeq=929
920110,910110,6,2,2,What is the main function of Seodo’s residents’ accommodation?,"[""A navigational signal for vessels"", ""A helicopter landing area"", ""Living accommodation""]",3,It is described as accommodation for people living on Dokdo.,"[""Light-based navigation is the lighthouse’s role."", ""A helipad is a landing facility, not residential accommodation."", ""It is described as accommodation for people living on Dokdo.""]",Dokdo’s residents’ accommodation is on Seodo.,,,,https://dokdo.mofa.go.kr/kor/introduce/facility.jsp | https://www.mof.go.kr/doc/ko/selectDoc.do?bbsSeq=27&docSeq=20937&menuSeq=929
920111,910111,6,3,3,Which facility in the supplied list belongs to Seodo?,"[""Residents’ accommodation"", ""Dokdo Lighthouse"", ""Dokdo guard facility""]",1,The list places the accommodation on Seodo.,"[""The list places the accommodation on Seodo."", ""The list places the lighthouse on Dongdo."", ""The list places the guard facility on Dongdo.""]",Dokdo’s residents’ accommodation is on Seodo.,"Dongdo: Dokdo Lighthouse and guard facilities.
Seodo: residents’ accommodation.",,,https://dokdo.mofa.go.kr/kor/introduce/facility.jsp | https://www.mof.go.kr/doc/ko/selectDoc.do?bbsSeq=27&docSeq=20937&menuSeq=929
920112,910112,6,4,4,Which fact corrects the claim that all living facilities on Dokdo are on Dongdo?,"[""The lighthouse is on Dongdo"", ""The residents’ accommodation is on Seodo"", ""The dock is on Dongdo""]",2,A residential facility on Seodo directly disproves the “all on Dongdo” claim.,"[""Another Dongdo example does not refute the universal claim."", ""A residential facility on Seodo directly disproves the “all on Dongdo” claim."", ""This is another Dongdo example and does not identify a Seodo facility.""]",Dokdo’s residents’ accommodation is on Seodo.,"Facility check: residents’ accommodation — Seodo; lighthouse, guard facilities and main dock — Dongdo.",,,https://dokdo.mofa.go.kr/kor/introduce/facility.jsp | https://www.mof.go.kr/doc/ko/selectDoc.do?bbsSeq=27&docSeq=20937&menuSeq=929
920113,910113,6,1,1,Which equipment converts seawater for use on Dokdo?,"[""Lighthouse"", ""Dock"", ""Desalination equipment""]",3,Desalination removes salt from seawater.,"[""A lighthouse is a navigational aid, not water-treatment equipment."", ""The dock provides a landing point, not fresh-water production."", ""Desalination removes salt from seawater.""]",Desalination equipment removes salt from seawater to provide usable fresh water.,,,,https://dokdo.mofa.go.kr/kor/introduce/facility.jsp | https://www.dokdo.re.kr/home/cms/cmsCont.do?cntnts_sn=66
920114,910114,6,2,2,What substance is chiefly removed when seawater is desalinated?,"[""Salt"", ""The water itself"", ""Only sand""]",1,Dissolved salt is removed to obtain usable fresh water.,"[""Dissolved salt is removed to obtain usable fresh water."", ""The aim is to retain water while reducing salt, not eliminate the water."", ""Removing sand alone does not remove dissolved salt.""]",Desalination equipment removes salt from seawater to provide usable fresh water.,,,,https://dokdo.mofa.go.kr/kor/introduce/facility.jsp | https://www.dokdo.re.kr/home/cms/cmsCont.do?cntnts_sn=66
920115,910115,6,3,3,Which pair distinguishes a natural water source and treatment equipment on Dokdo?,"[""Desalination equipment — Mulgol"", ""Mulgol — desalination equipment"", ""Lighthouse — dock""]",2,Mulgol supplies naturally dripping water; desalination processes seawater.,"[""The requested order is natural source first; this reverses the pair."", ""Mulgol supplies naturally dripping water; desalination processes seawater."", ""These facilities concern navigation and docking, not water supply.""]",Desalination equipment removes salt from seawater to provide usable fresh water.,"Mulgol: a historical source of dripping rock water on Seodo.
Desalination: equipment removing salt from seawater.",,,https://dokdo.mofa.go.kr/kor/introduce/facility.jsp | https://www.dokdo.re.kr/home/cms/cmsCont.do?cntnts_sn=66
920116,910116,6,4,3,Does filtering only sand from seawater produce fresh water for use on Dokdo?,"[""Yes; clear-looking water has lost all salt"", ""Yes; simply cooling it makes all the water fresh"", ""No; dissolved salt must also be removed""]",3,Visible sand and dissolved salt differ; removing sand alone is not desalination.,"[""Water can look clear while still containing dissolved salt."", ""Simple cooling is not the same as removing salt."", ""Visible sand and dissolved salt differ; removing sand alone is not desalination.""]",Desalination equipment removes salt from seawater to provide usable fresh water.,Desalination on Dokdo removes salt to produce usable water. Sand consists of particles; salt can be dissolved in the water.,,,https://dokdo.mofa.go.kr/kor/introduce/facility.jsp | https://www.dokdo.re.kr/home/cms/cmsCont.do?cntnts_sn=66
920117,910117,6,1,1,What route do people use to walk uphill from Dongdo’s dock?,"[""Steps and paths"", ""Cargo cableway"", ""Vessel route""]",1,Steps and paths lead uphill from Dongdo’s dock.,"[""Steps and paths lead uphill from Dongdo’s dock."", ""The cableway carries cargo. The question asks about the steps and paths used on foot."", ""A vessel route is in the sea. Walking uphill on Dongdo uses steps and paths.""]",Dongdo’s dock and upper facilities are distinct locations linked by routes and transport equipment.,,,,https://dokdo.mofa.go.kr/kor/introduce/facility.jsp | https://www.jbe.go.kr/dokdo/assets/sub/picture.html
920118,910118,6,2,2,Which places do steps on Dongdo’s slope connect with the dock?,"[""Seodo’s residents’ accommodation"", ""Facilities higher on the island"", ""A harbour on Ulleungdo""]",2,Dongdo’s relief requires an uphill route from the dock to upper facilities.,"[""The accommodation is across the water on Seodo, not reached by Dongdo’s steps alone."", ""Dongdo’s relief requires an uphill route from the dock to upper facilities."", ""Ulleungdo is a separate island, not connected by these steps.""]",Dongdo’s dock and upper facilities are distinct locations linked by routes and transport equipment.,,,,https://dokdo.mofa.go.kr/kor/introduce/facility.jsp | https://www.jbe.go.kr/dokdo/assets/sub/picture.html
920119,910119,6,3,3,Which facility is listed between Dongdo’s dock and guard facilities?,"[""A railway"", ""A bridge to Seodo"", ""A cable transport system""]",3,The facilities account lists a cable system between the dock and guard facilities.,"[""The listed facility is a cable system, not a railway."", ""The described connection lies within Dongdo, not across to Seodo."", ""The facilities account lists a cable system between the dock and guard facilities.""]",Dongdo’s dock and upper facilities are distinct locations linked by routes and transport equipment.,Facility guide: a 300-m cable system links Dongdo’s dock and guard facilities. This does not describe a service open to ordinary tourists.,,,https://dokdo.mofa.go.kr/kor/introduce/facility.jsp | https://www.jbe.go.kr/dokdo/assets/sub/picture.html
920120,910120,6,4,3,What should be measured to find the actual walking distance from Dongdo’s dock to upper facilities?,"[""Distance along the steps and bends of the path"", ""Only the straight line between two points in a photo"", ""Dongdo’s entire coastal perimeter""]",1,"Walking follows the route, so a straight-line separation is insufficient.","[""Walking follows the route, so a straight-line separation is insufficient."", ""A straight line may omit bends and changes in elevation."", ""The coastline perimeter measures a different route.""]",Dongdo’s dock and upper facilities are distinct locations linked by routes and transport equipment.,Steps and a winding path lead from Dongdo’s dock to upper facilities. The task is to find walking-route length.,,,https://dokdo.mofa.go.kr/kor/introduce/facility.jsp | https://www.jbe.go.kr/dokdo/assets/sub/picture.html
920121,910121,7,1,1,Which Joseon geographical record describes the islands Usan and Mureung?,"[""Korean Empire Decree No. 41"", ""The geographical appendix to the Annals of Sejong"", ""Japan’s Dajokan directive""]",2,This geographical record of Joseon includes the two islands Usan and Mureung.,"[""The decree is an administrative order from 1900, not the Joseon geographical text."", ""This geographical record of Joseon includes the two islands Usan and Mureung."", ""The Dajokan directive is a Japanese administrative document from 1877.""]",ROK Ministry of Foreign Affairs commentary identifies Usan and Mureung in the Sejong geographical record as Dokdo and Ulleungdo.,,"A geographical record describes regions, mountains, rivers and islands.",Modern place-name identifications follow the ROK Ministry of Foreign Affairs translation and commentary.,https://dokdo.mofa.go.kr/kor/pds/part06_view02.jsp
920122,910122,7,2,2,Which modern island is identified with “Mureung” in the Sejong geographical record?,"[""Dokdo"", ""Jeju Island"", ""Ulleungdo""]",3,The commentary identifies Mureung with Ulleungdo and Usan with Dokdo.,"[""Usan, rather than Mureung, is identified as Dokdo."", ""The supplied identification concerns Dokdo and Ulleungdo, not Jeju."", ""The commentary identifies Mureung with Ulleungdo and Usan with Dokdo.""]",ROK Ministry of Foreign Affairs commentary identifies Usan and Mureung in the Sejong geographical record as Dokdo and Ulleungdo.,,,Modern place-name identifications follow the ROK Ministry of Foreign Affairs translation and commentary.,https://dokdo.mofa.go.kr/kor/pds/part06_view02.jsp
920123,910123,7,3,3,When does the Sejong geographical record say the two islands can be seen?,"[""In clear weather"", ""In dense fog"", ""Every night regardless of conditions""]",1,The translated expression refers to clear weather.,"[""The translated expression refers to clear weather."", ""The text specifies clear conditions, not dense fog."", ""The passage gives a weather condition, not an every-night rule.""]",ROK Ministry of Foreign Affairs commentary identifies Usan and Mureung in the Sejong geographical record as Dokdo and Ulleungdo.,Summary of the translated record: Usan and Mureung are not far apart and can be seen in clear weather. This historical statement does not mean they are visible every day.,,Modern place-name identifications follow the ROK Ministry of Foreign Affairs translation and commentary.,https://dokdo.mofa.go.kr/kor/pds/part06_view02.jsp
920124,910124,7,4,3,"Using the name key, what is the modern-name pair for “Usan–Mureung”, in that order?","[""Ulleungdo–Dokdo"", ""Dokdo–Ulleungdo"", ""Dokdo–Jukdo""]",2,The key pairs Usan with Dokdo and Mureung with Ulleungdo.,"[""The two identifications have been reversed."", ""The key pairs Usan with Dokdo and Mureung with Ulleungdo."", ""Mureung is identified as Ulleungdo, not Jukdo, in this commentary.""]",ROK Ministry of Foreign Affairs commentary identifies Usan and Mureung in the Sejong geographical record as Dokdo and Ulleungdo.,"Historical-name key: Usan → Dokdo; Mureung → Ulleungdo. This summarises ROK MOFA’s commentary on this record, not a rule for every text from every period.",,Modern place-name identifications follow the ROK Ministry of Foreign Affairs translation and commentary.,https://dokdo.mofa.go.kr/kor/pds/part06_view02.jsp
920125,910125,7,1,1,Which state produced the geographical appendix to the Annals of Sejong?,"[""Edo-period Japan"", ""The Korean Empire"", ""Joseon""]",3,"The Annals of Sejong are Joseon records, including the geographical appendix.","[""Edo shogunate orders and the Joseon geographical record have different origins."", ""The Korean Empire came much later; this text is from Joseon."", ""The Annals of Sejong are Joseon records, including the geographical appendix.""]",Joseon geographical records provide evidence of how places and islands were understood at the time.,,,,https://dokdo.mofa.go.kr/kor/pds/part06_view02.jsp
920126,910126,7,2,2,What is chiefly described in the geographical appendix to the Annals of Sejong?,"[""Regions and geographical information"", ""Only prohibitions on sea voyages"", ""An administrative reform order from 1900""]",1,"A geographical record describes places and features such as mountains, rivers and islands.","[""A geographical record describes places and features such as mountains, rivers and islands."", ""The appendix is a regional account, not a single voyage prohibition."", ""The 1900 reorganisation concerns Korean Empire Decree No. 41.""]",Joseon geographical records provide evidence of how places and islands were understood at the time.,,,,https://dokdo.mofa.go.kr/kor/pds/part06_view02.jsp
920127,910127,7,3,3,What can be established from the two-island entry in the Sejong geographical record?,"[""The 1900 decree was issued at that time"", ""Usan and Mureung appear in a Joseon geographical record"", ""All present island buildings already existed then""]",2,The presence of the two names is directly supported by the supplied entry.,"[""The geographical record and the 1900 decree belong to different periods."", ""The presence of the two names is directly supported by the supplied entry."", ""The excerpt does not establish the existence of today’s facilities at that time.""]",Joseon geographical records provide evidence of how places and islands were understood at the time.,The geographical appendix to the Annals of Sejong describes the location of Usan and Mureung and visibility in clear weather.,,,https://dokdo.mofa.go.kr/kor/pds/part06_view02.jsp
920128,910128,7,4,3,What information should first identify the Sejong geographical record in a historical account of Dokdo?,"[""That it was written today because a modern institution publishes it"", ""That matching names make it identical to a current map"", ""Its origin as a Joseon geographical record and its date""]",3,"Identifying origin, date and document type places the evidence in its historical setting.","[""Modern publication must not be confused with original composition."", ""A historical text and a present-day map differ in period and representation."", ""Identifying origin, date and document type places the evidence in its historical setting.""]",Joseon geographical records provide evidence of how places and islands were understood at the time.,"Create a source card: geographical appendix to the Annals of Sejong, a Joseon geographical record presented as compiled in 1454. ROK MOFA now publishes a translation and commentary.",,,https://dokdo.mofa.go.kr/kor/pds/part06_view02.jsp
920129,910129,7,1,1,Who was taken to Japan with Park Eo-dun from Ulleungdo in 1693?,"[""An Yong-bok"", ""Shim Heung-taek"", ""Isabu""]",1,The two Joseon fishermen in the 1693 incident were An Yong-bok and Park Eo-dun.,"[""The two Joseon fishermen in the 1693 incident were An Yong-bok and Park Eo-dun."", ""Shim was the Uldo magistrate reporting in 1906, not the person in this incident."", ""Isabu belongs to an earlier history involving Usan-guk, not the 1693 incident.""]","In 1693 An Yong-bok and Park Eo-dun were taken to Japan while fishing at Ulleungdo, prompting negotiations concerning the island.",,,,https://dokdo.mofa.go.kr/kor/include/print_faq.jsp?class_faq=q5 | https://dokdo.mofa.go.kr/m/kor/dokdo/reason_list.jsp
920130,910130,7,2,1,At which island were An Yong-bok and Park Eo-dun fishing in 1693?,"[""Jeju Island"", ""Ulleungdo"", ""Oki Islands""]",2,They were fishing at Ulleungdo when taken to Japan.,"[""The incident’s fishing location was Ulleungdo, not Jeju."", ""They were fishing at Ulleungdo when taken to Japan."", ""Oki appears in records of his journeys, but this fishing location was Ulleungdo.""]","In 1693 An Yong-bok and Park Eo-dun were taken to Japan while fishing at Ulleungdo, prompting negotiations concerning the island.",,,,https://dokdo.mofa.go.kr/kor/include/print_faq.jsp?class_faq=q5 | https://dokdo.mofa.go.kr/m/kor/dokdo/reason_list.jsp
920131,910131,7,3,3,Which island became the subject of negotiations following the 1693 fishermen incident?,"[""Jeju Island"", ""Tsushima itself"", ""Ulleungdo""]",3,Negotiations followed over Ulleungdo’s status and voyages to it.,"[""Jeju is not the island concerned in the supplied account."", ""Tsushima may feature in diplomacy, but the island at issue here is Ulleungdo."", ""Negotiations followed over Ulleungdo’s status and voyages to it.""]","In 1693 An Yong-bok and Park Eo-dun were taken to Japan while fishing at Ulleungdo, prompting negotiations concerning the island.",In 1693 the fishermen were taken from Ulleungdo to Japan. The incident led to negotiations between Joseon and Japan concerning Ulleungdo.,,,https://dokdo.mofa.go.kr/kor/include/print_faq.jsp?class_faq=q5 | https://dokdo.mofa.go.kr/m/kor/dokdo/reason_list.jsp
920132,910132,7,4,3,Which account distinguishes An Yong-bok’s 1693 incident from his 1696 activity?,"[""1693: taken to Japan / 1696: travelled there again"", ""1693: travelled again / 1696: first taken there"", ""Both records refer only to the first incident in 1693""]",1,This distinguishes the circumstances given for the two years.,"[""This distinguishes the circumstances given for the two years."", ""This reverses the events associated with the two years."", ""Separate activity is recorded in 1696, so the events cannot be merged.""]","In 1693 An Yong-bok and Park Eo-dun were taken to Japan while fishing at Ulleungdo, prompting negotiations concerning the island.",Timeline: taken from Ulleungdo to Japan in 1693; travelled to Japan again in 1696.,,,https://dokdo.mofa.go.kr/kor/include/print_faq.jsp?class_faq=q5 | https://dokdo.mofa.go.kr/m/kor/dokdo/reason_list.jsp
920133,910133,7,1,1,Which Joseon annals record An Yong-bok’s activity?,"[""The Annals of Sejong"", ""The Annals of Sukjong"", ""The government gazette of 1900""]",2,An Yong-bok’s activity and statements appear in the Annals of Sukjong.,"[""Sejong’s geographical record and An’s Sukjong-era activity belong to different periods."", ""An Yong-bok’s activity and statements appear in the Annals of Sukjong."", ""The gazette records Korean Empire notices and is not a Joseon reign’s annals.""]",An Yong-bok’s 1696 activity can be studied through both Joseon records and a Japanese inquiry record from Oki.,,,,https://dokdo.mofa.go.kr/kor/include/print_faq.jsp?class_faq=q5
920134,910134,7,2,1,Which Japanese island group is associated with the 1696 inquiry record of An Yong-bok’s party?,"[""Jeju Island"", ""Ulleungdo"", ""The Oki Islands""]",3,ROK MOFA presents an Oki inquiry record as related Japanese evidence.,"[""Jeju is not the location of this Japanese inquiry."", ""Ulleungdo is central to the events, but the inquiry record is associated with Oki."", ""ROK MOFA presents an Oki inquiry record as related Japanese evidence.""]",An Yong-bok’s 1696 activity can be studied through both Joseon records and a Japanese inquiry record from Oki.,,,,https://dokdo.mofa.go.kr/kor/include/print_faq.jsp?class_faq=q5
920135,910135,7,3,3,Which pair provides Joseon and Japanese records for comparing An Yong-bok’s 1696 activity?,"[""The Annals of Sukjong and the 1696 Oki inquiry record"", ""The 1900 decree and 1906 Directive No. 3"", ""The Sejong geographical record and the 1877 Dajokan directive""]",1,The pair supplies Joseon and Japanese records of the relevant activity.,"[""The pair supplies Joseon and Japanese records of the relevant activity."", ""These concern Dokdo history but do not directly record An’s 1696 activity."", ""These concern other periods rather than this person and event.""]",An Yong-bok’s 1696 activity can be studied through both Joseon records and a Japanese inquiry record from Oki.,Related records: An Yong-bok’s statements in the Joseon Annals of Sukjong; a Japanese Oki inquiry record concerning his party in 1696.,,,https://dokdo.mofa.go.kr/kor/include/print_faq.jsp?class_faq=q5
920136,910136,7,4,3,What should first be matched when comparing the same event in two records of An Yong-bok?,"[""Match only the person and ignore the year"", ""People, time and places visited"", ""Match only the destination and ignore person and date""]",2,First establish whether the sources concern the same activity.,"[""Ignoring dates confuses his different journeys in 1693 and 1696."", ""First establish whether the sources concern the same activity."", ""Different people may visit the same place in different years.""]",An Yong-bok’s 1696 activity can be studied through both Joseon records and a Japanese inquiry record from Oki.,An Yong-bok went to Japan in different circumstances in 1693 and 1696. The comparison concerns Joseon and Japanese records of the 1696 activity.,,,https://dokdo.mofa.go.kr/kor/include/print_faq.jsp?class_faq=q5
920137,910137,7,1,1,In which month of 1696 was the Edo shogunate’s Ulleungdo voyage prohibition issued?,"[""May"", ""October"", ""January""]",3,The timeline places the prohibition in January 1696.,"[""May is associated with An Yong-bok’s journey in that timeline."", ""October is not the prohibition month in the supplied timeline."", ""The timeline places the prohibition in January 1696.""]",The January 1696 Ulleungdo voyage prohibition preceded An Yong-bok’s May journey to Japan.,,Event order: prohibition in January 1696 → An Yong-bok’s journey in May.,,https://dokdo.mofa.go.kr/m/kor/dokdo/reason_list.jsp | https://dokdo.mofa.go.kr/kor/pds/part05_view06.jsp
920138,910138,7,2,2,Which event happened first in 1696?,"[""The Ulleungdo voyage prohibition"", ""An Yong-bok’s May journey""]",1,The January prohibition preceded the May journey.,"[""The January prohibition preceded the May journey."", ""May comes after January.""]",The January 1696 Ulleungdo voyage prohibition preceded An Yong-bok’s May journey to Japan.,,January 1696: Ulleungdo voyage prohibition; May 1696: An Yong-bok travelled to Japan.,,https://dokdo.mofa.go.kr/m/kor/dokdo/reason_list.jsp | https://dokdo.mofa.go.kr/kor/pds/part05_view06.jsp
920139,910139,7,3,3,Which event in the timeline precedes An Yong-bok’s May journey?,"[""The Edo shogunate’s January prohibition"", ""Korean Empire Decree No. 41 in 1900"", ""Shim Heung-taek’s report in 1906""]",1,"Within the same year, January precedes May.","[""Within the same year, January precedes May."", ""1900 is later than 1696."", ""1906 is later than 1696.""]",The January 1696 Ulleungdo voyage prohibition preceded An Yong-bok’s May journey to Japan.,Timeline: January 1696 prohibition → May 1696 An’s journey → Decree No. 41 in 1900 → Shim’s report in 1906.,,,https://dokdo.mofa.go.kr/m/kor/dokdo/reason_list.jsp | https://dokdo.mofa.go.kr/kor/pds/part05_view06.jsp
920140,910140,7,4,4,Why is it wrong to say the May 1696 journey caused the prohibition issued that January?,"[""Both events occurred on the same day"", ""The proposed cause occurred after the prohibition"", ""The prohibition was issued in 1900""]",2,In this timeline a later May event cannot have caused the earlier January order.,"[""The timeline separates the events into January and May."", ""In this timeline a later May event cannot have caused the earlier January order."", ""This confuses the 1696 prohibition with the 1900 decree.""]",The January 1696 Ulleungdo voyage prohibition preceded An Yong-bok’s May journey to Japan.,"January 1696: the Edo shogunate prohibited voyages to Ulleungdo.
May 1696: An Yong-bok travelled to Japan.",,,https://dokdo.mofa.go.kr/m/kor/dokdo/reason_list.jsp | https://dokdo.mofa.go.kr/kor/pds/part05_view06.jsp
920141,910141,8,1,1,Which 1900 order renamed Ulleungdo as Uldo?,"[""Korean Empire Decree No. 41"", ""The Ulleungdo voyage prohibition"", ""The Dajokan directive"", ""Directive No. 3""]",1,Article 1 of Decree No. 41 records the changes of name and administrative office.,"[""Article 1 of Decree No. 41 records the changes of name and administrative office."", ""The 1696 prohibition concerned Japanese fishermen’s voyages to Ulleungdo."", ""The Dajokan directive is a Japanese document from 1877, not this Korean Empire decree."", ""Directive No. 3 was a Korean Empire response to a Dokdo report in 1906.""]",Korean Empire Decree No. 41 of 1900 renamed Ulleungdo as Uldo and reorganised its administration.,,A decree is an order issued by the emperor. Korean Empire Decree No. 41 dates to 1900.,,https://dokdo.mofa.go.kr/kor/pds/part02_view02.jsp
920142,910142,8,2,1,What administrative name replaced Ulleungdo under Decree No. 41?,"[""Usan-guk"", ""Oki County"", ""Uldo""]",3,Article 1 specifies the name change from Ulleungdo to Uldo.,"[""Usan-guk belongs to earlier history; the decree’s new administrative name is Uldo."", ""The decree specifies Uldo, not Oki County."", ""Article 1 specifies the name change from Ulleungdo to Uldo.""]",Korean Empire Decree No. 41 of 1900 renamed Ulleungdo as Uldo and reorganised its administration.,,,,https://dokdo.mofa.go.kr/kor/pds/part02_view02.jsp
920143,910143,8,3,3,Which pair correctly shows the name change in the supplied Article 1?,"[""Ulleungdo → Uldo"", ""Uldo → Ulleungdo"", ""Dokdo → Jukdo""]",1,This follows the original and replacement names in the article.,"[""This follows the original and replacement names in the article."", ""The direction of the change has been reversed."", ""This passage does not rename Dokdo as Jukdo.""]",Korean Empire Decree No. 41 of 1900 renamed Ulleungdo as Uldo and reorganised its administration.,Plain-language summary of Article 1: rename Ulleungdo as Uldo and place it under Gangwon-do.,,,https://dokdo.mofa.go.kr/kor/pds/part02_view02.jsp
920144,910144,8,4,3,Which two administrative elements changed together under Article 1 of Decree No. 41?,"[""Jurisdiction list and county-office location"", ""Administrative name and official’s office"", ""Magistrate’s pay and tax obligations""]",2,Article 1 changes the administrative name and the responsible office.,"[""These are addressed in Article 2, not the two changes supplied from Article 1."", ""Article 1 changes the administrative name and the responsible office."", ""These are not the name-and-office changes in the supplied passage.""]",Korean Empire Decree No. 41 of 1900 renamed Ulleungdo as Uldo and reorganised its administration.,"Article 1 summary: rename Ulleungdo as Uldo; replace the island supervisor with a county magistrate, an official responsible for county administration.",,,https://dokdo.mofa.go.kr/kor/pds/part02_view02.jsp
920145,910145,8,1,1,Which office replaced the island supervisor under Decree No. 41?,"[""Provincial governor"", ""Home-affairs minister"", ""County magistrate""]",3,This is the administrative office specified to replace the supervisor.,"[""A governor administers a province; the specified replacement here is magistrate."", ""The replacement is a county magistrate, not a central minister."", ""This is the administrative office specified to replace the supervisor.""]",Decree No. 41 replaced the island supervisor with a county magistrate responsible for county administration.,,,,https://dokdo.mofa.go.kr/kor/pds/part02_view02.jsp
920146,910146,8,2,2,What is the responsibility of the “magistrate” in Uldo county magistrate?,"[""County administration"", ""Operating one ship"", ""Managing one lighthouse light""]",1,A county magistrate is responsible for the affairs of a county.,"[""A county magistrate is responsible for the affairs of a county."", ""A ship’s operation belongs to its captain, not the county magistrate."", ""Managing a lighthouse differs from administering a county.""]",Decree No. 41 replaced the island supervisor with a county magistrate responsible for county administration.,,,,https://dokdo.mofa.go.kr/kor/pds/part02_view02.jsp
920147,910147,8,3,3,What is the direction of the office change in Article 1 of Decree No. 41?,"[""County magistrate → supervisor"", ""Supervisor → county magistrate"", ""Supervisor → provincial governor""]",2,This matches the stated replacement.,"[""The direction is reversed."", ""This matches the stated replacement."", ""The replacement is a magistrate, not a provincial governor.""]",Decree No. 41 replaced the island supervisor with a county magistrate responsible for county administration.,"Article 1 translation, summarised: replace the island supervisor with a county magistrate.",,,https://dokdo.mofa.go.kr/kor/pds/part02_view02.jsp
920148,910148,8,4,2,Which responsibility explains a Uldo magistrate reporting local conditions to higher authorities?,"[""Administering the entire province of Gangwon"", ""Issuing imperial decrees for the whole state"", ""Managing and reporting conditions in the jurisdiction""]",3,Local reporting follows the magistrate’s administrative responsibility.,"[""The county magistrate’s jurisdiction differs from a provincial governor’s."", ""Issuing imperial decrees is not the county magistrate’s role."", ""Local reporting follows the magistrate’s administrative responsibility.""]",Decree No. 41 replaced the island supervisor with a county magistrate responsible for county administration.,A county magistrate administers a county and can report important conditions within the jurisdiction to higher authorities.,,,https://dokdo.mofa.go.kr/kor/pds/part02_view02.jsp
920149,910149,8,1,1,Which island name appears in Article 2’s list of jurisdictions in Decree No. 41?,"[""Seokdo"", ""Oki Islands"", ""Jeju Island""]",1,"Article 2 lists Ulleungjeondo, Jukdo and Seokdo.","[""Article 2 lists Ulleungjeondo, Jukdo and Seokdo."", ""Oki is not in the article’s jurisdiction list."", ""Jeju is not listed in this clause.""]","Article 2 lists Ulleungjeondo, Jukdo and Seokdo; ROK MOFA identifies Seokdo as Dokdo.",,"Article 2 list: Ulleungjeondo, Jukdo and Seokdo. Jurisdiction means the area under an authority’s responsibility.",Original place names are distinguished from modern identification. ROK MOFA presents the decree as evidence of the Korean Empire’s administration of Dokdo.,https://dokdo.mofa.go.kr/kor/pds/part02_view02.jsp | https://dokdo.mofa.go.kr/kor/include/print_faq.jsp?class_faq=q8
920150,910150,8,2,2,Which present-day island is identified with “Seokdo” in Decree No. 41?,"[""Ulleungdo"", ""Dokdo"", ""Oki Islands""]",2,ROK MOFA identifies Seokdo as Dokdo and explains the decree as recording Dokdo within Uldo’s jurisdiction.,"[""The whole of Ulleungdo is separately listed as Ulleungjeondo."", ""ROK MOFA identifies Seokdo as Dokdo and explains the decree as recording Dokdo within Uldo’s jurisdiction."", ""The cited commentary identifies Seokdo as Dokdo, not Oki.""]","Article 2 lists Ulleungjeondo, Jukdo and Seokdo; ROK MOFA identifies Seokdo as Dokdo.",,"Article 2’s original names are Ulleungjeondo, Jukdo and Seokdo. Modern identifications in this lesson follow ROK MOFA’s commentary.",Original place names are distinguished from modern identification. ROK MOFA presents the decree as evidence of the Korean Empire’s administration of Dokdo.,https://dokdo.mofa.go.kr/kor/pds/part02_view02.jsp | https://dokdo.mofa.go.kr/kor/include/print_faq.jsp?class_faq=q8
920151,910151,8,3,3,Which option reproduces the full jurisdiction list in Decree No. 41?,"[""Ulleungjeondo and Jukdo"", ""Ulleungjeondo, Seokdo and Oki"", ""Ulleungjeondo, Jukdo and Seokdo""]",3,This includes all three names in Article 2.,"[""Seokdo has been omitted."", ""Jukdo is missing and Oki has been added without textual support."", ""This includes all three names in Article 2.""]","Article 2 lists Ulleungjeondo, Jukdo and Seokdo; ROK MOFA identifies Seokdo as Dokdo.","Article 2, summarised: the jurisdiction is to include Ulleungjeondo, Jukdo and Seokdo.",,Original place names are distinguished from modern identification. ROK MOFA presents the decree as evidence of the Korean Empire’s administration of Dokdo.,https://dokdo.mofa.go.kr/kor/pds/part02_view02.jsp | https://dokdo.mofa.go.kr/kor/include/print_faq.jsp?class_faq=q8
920152,910152,8,4,3,What is omitted by describing Decree No. 41 as administering only Ulleungdo?,"[""Jukdo and Seokdo are also listed"", ""Oki is listed"", ""Jeju is listed""]",1,The two names following Ulleungjeondo must also be included.,"[""The two names following Ulleungjeondo must also be included."", ""Oki is not in the original list."", ""Jeju is not in the original list.""]","Article 2 lists Ulleungjeondo, Jukdo and Seokdo; ROK MOFA identifies Seokdo as Dokdo.","Article 2 jurisdiction: Ulleungjeondo, Jukdo and Seokdo.",,Original place names are distinguished from modern identification. ROK MOFA presents the decree as evidence of the Korean Empire’s administration of Dokdo.,https://dokdo.mofa.go.kr/kor/pds/part02_view02.jsp | https://dokdo.mofa.go.kr/kor/include/print_faq.jsp?class_faq=q8
920153,910153,8,1,1,What date is written on Korean Empire Decree No. 41?,"[""27 October 1900"", ""25 October 1900"", ""10 May 1906""]",2,The decree itself is dated 25 October.,"[""27 October is the gazette publication date."", ""The decree itself is dated 25 October."", ""This date concerns Directive No. 3 in 1906, not Decree No. 41.""]",Decree No. 41 is dated 25 October 1900 and appeared in the gazette on 27 October.,,,,https://dokdo.mofa.go.kr/kor/pds/part02_view02.jsp | https://dokdo.mofa.go.kr/kor/pds/part02_view03.jsp
920154,910154,8,2,2,What was the role of the Korean Empire gazette that published the decree?,"[""Submitting a new reform proposal"", ""Reporting local events only to a superior"", ""Officially announcing an issued order""]",3,The gazette publishes official material such as decrees.,"[""A proposal petition differs from the gazette that publishes official notices."", ""An internal report differs from an official publication medium."", ""The gazette publishes official material such as decrees.""]",Decree No. 41 is dated 25 October 1900 and appeared in the gazette on 27 October.,,,,https://dokdo.mofa.go.kr/kor/pds/part02_view02.jsp | https://dokdo.mofa.go.kr/kor/pds/part02_view03.jsp
920155,910155,8,3,3,When was Decree No. 41 published in the government gazette?,"[""27 October 1900"", ""25 October 1900"", ""22 October 1900""]",1,The supplied publication record dates the gazette entry to 27 October.,"[""The supplied publication record dates the gazette entry to 27 October."", ""This is the date written on the decree itself."", ""This is the date of the proposal, not gazette publication.""]",Decree No. 41 is dated 25 October 1900 and appeared in the gazette on 27 October.,"Document date: Decree No. 41 — 25 October 1900.
Gazette publication: Decree No. 41 — 27 October 1900.",,,https://dokdo.mofa.go.kr/kor/pds/part02_view02.jsp | https://dokdo.mofa.go.kr/kor/pds/part02_view03.jsp
920156,910156,8,4,3,Why does the decree carry the 25th while the gazette carries the 27th?,"[""They must be two different decrees"", ""The document date differs from its official publication date"", ""One date must be a printing error""]",2,A decree’s date and its appearance in the gazette are distinct.,"[""Both refer to Decree No. 41; different dates do not by themselves mean different orders."", ""A decree’s date and its appearance in the gazette are distinct."", ""The dates refer to different steps, so no error follows automatically.""]",Decree No. 41 is dated 25 October 1900 and appeared in the gazette on 27 October.,"Two dates for the same decree: document date, 25 October 1900; gazette publication, 27 October 1900.",,,https://dokdo.mofa.go.kr/kor/pds/part02_view02.jsp | https://dokdo.mofa.go.kr/kor/pds/part02_view03.jsp
920157,910157,8,1,1,What is the document proposing the Uldo administrative reorganisation in 1900 called?,"[""A voyage prohibition"", ""The Dajokan directive"", ""A petition submitting a proposal""]",3,A petition submits a matter for consideration.,"[""A voyage prohibition restricts travel, unlike this reform proposal."", ""The Dajokan directive is a Japanese document from 1877, not this proposal."", ""A petition submits a matter for consideration.""]","Uldo’s reorganisation can be traced through a proposal, decree and gazette publication.",,The petition dated 22 October 1900 submitted a plan to reorganise Ulleungdo’s administration.,,https://dokdo.mofa.go.kr/kor/pds/part02_view01.jsp | https://dokdo.mofa.go.kr/kor/pds/part02_view02.jsp | https://dokdo.mofa.go.kr/kor/pds/part02_view03.jsp
920158,910158,8,2,2,Which pairing correctly distinguishes the petition from the decree?,"[""Petition: proposal / decree: imperial order"", ""Petition: imperial order / decree: proposal"", ""Petition: gazette publication / decree: local report""]",1,The documents have different roles: proposal and order.,"[""The documents have different roles: proposal and order."", ""These reverse the functions."", ""Publication and local reporting are not the roles of this pair.""]","Uldo’s reorganisation can be traced through a proposal, decree and gazette publication.",,,,https://dokdo.mofa.go.kr/kor/pds/part02_view01.jsp | https://dokdo.mofa.go.kr/kor/pds/part02_view02.jsp | https://dokdo.mofa.go.kr/kor/pds/part02_view03.jsp
920159,910159,8,3,3,What is the chronological order of the three documents from 1900?,"[""Gazette → petition → decree"", ""Petition → decree → gazette publication"", ""Decree → gazette → petition""]",2,The dates run from the 22nd to the 25th to the 27th.,"[""This incorrectly places the 27th before the proposal on the 22nd."", ""The dates run from the 22nd to the 25th to the 27th."", ""The petition on the 22nd is earliest, not last.""]","Uldo’s reorganisation can be traced through a proposal, decree and gazette publication.",22 October 1900: petition; 25 October: Decree No. 41; 27 October: publication in the gazette.,,,https://dokdo.mofa.go.kr/kor/pds/part02_view01.jsp | https://dokdo.mofa.go.kr/kor/pds/part02_view02.jsp | https://dokdo.mofa.go.kr/kor/pds/part02_view03.jsp
920160,910160,8,4,4,Why distinguish a proposal for administrative reform from its published order?,"[""A petition cannot have a date"", ""A gazette contains only private opinions"", ""Proposing a measure and publishing an order are different steps""]",3,A proposal alone does not establish publication; the decree and gazette provide the later steps.,"[""The supplied petition does carry a date: 22 October."", ""A government gazette is an official publication, not a collection of private views."", ""A proposal alone does not establish publication; the decree and gazette provide the later steps.""]","Uldo’s reorganisation can be traced through a proposal, decree and gazette publication.",A reform proposal was followed by a decree and its gazette publication. The three records document different steps in the same reorganisation.,,,https://dokdo.mofa.go.kr/kor/pds/part02_view01.jsp | https://dokdo.mofa.go.kr/kor/pds/part02_view02.jsp | https://dokdo.mofa.go.kr/kor/pds/part02_view03.jsp
920161,910161,9,1,1,Who was the Uldo magistrate who reported on Dokdo in 1906?,"[""An Yong-bok"", ""Shim Heung-taek"", ""Park Eo-dun"", ""Isabu""]",2,The report was made by Uldo magistrate Shim Heung-taek.,"[""An Yong-bok’s related activity was in the seventeenth century, not as magistrate in 1906."", ""The report was made by Uldo magistrate Shim Heung-taek."", ""Park Eo-dun was taken to Japan with An in 1693."", ""Isabu belongs to much earlier history and did not write this report.""]","As Uldo magistrate, Shim Heung-taek reported information concerning Dokdo to higher authorities in 1906.",,,,https://dokdo.mofa.go.kr/kor/pds/part02_view04.jsp
920162,910162,9,2,1,What office did Shim Heung-taek hold in 1906?,"[""Uldo county magistrate"", ""Japanese home minister"", ""Dokdo lighthouse keeper""]",1,Shim was responsible for Uldo county administration.,"[""Shim was responsible for Uldo county administration."", ""Shim was a Korean Empire magistrate, not a Japanese minister."", ""He administered the county rather than serving as lighthouse keeper.""]","As Uldo magistrate, Shim Heung-taek reported information concerning Dokdo to higher authorities in 1906.",,,,https://dokdo.mofa.go.kr/kor/pds/part02_view04.jsp
920163,910163,9,3,3,Which direction describes the transmission of Shim Heung-taek’s report?,"[""Central government → Japanese fishermen → Uldo magistrate"", ""Uldo magistrate → Gangwon administration → central government"", ""Dajokan → Japanese Home Ministry → Uldo magistrate""]",2,The local report is relayed through provincial administration to the centre.,"[""Japanese fishermen are not intermediaries in the supplied reporting chain."", ""The local report is relayed through provincial administration to the centre."", ""This mixes Japanese institutional roles from 1877 with the 1906 report.""]","As Uldo magistrate, Shim Heung-taek reported information concerning Dokdo to higher authorities in 1906.",In 1906 Uldo magistrate Shim reported conditions concerning Dokdo. His report was relayed through the Gangwon provincial administration to the central government.,,,https://dokdo.mofa.go.kr/kor/pds/part02_view04.jsp
920164,910164,9,4,3,Why is Shim’s report evidence of local administrative activity?,"[""It is a Japanese fisherman’s private diary"", ""It is a judgment issued by an international court"", ""The magistrate informed higher authorities about an island in his county""]",3,The author’s office and subject matter show his administrative responsibility.,"[""The author was a Korean Empire magistrate, not a private Japanese traveller."", ""The report is administrative, not an international judgment."", ""The author’s office and subject matter show his administrative responsibility.""]","As Uldo magistrate, Shim Heung-taek reported information concerning Dokdo to higher authorities in 1906.","Author: Uldo magistrate Shim Heung-taek. Subject: information from Japanese officials concerning Dokdo, described as belonging to his county, reported upward.",,,https://dokdo.mofa.go.kr/kor/pds/part02_view04.jsp
920165,910165,9,1,1,Which county does “this county” refer to in Shim’s “Dokdo belonging to this county”?,"[""Uldo county"", ""Japan’s Oki district"", ""Jeju county""]",1,"The author was Uldo magistrate, so “this county” means Uldo.","[""The author was Uldo magistrate, so “this county” means Uldo."", ""The phrase refers to the Korean Empire magistrate’s own jurisdiction."", ""The author was magistrate of Uldo, not Jeju.""]",Shim’s phrase “Dokdo belonging to this county” shows his understanding of Dokdo as part of Uldo county.,,“This county” refers to the author’s county. The author was Uldo magistrate Shim Heung-taek.,,https://dokdo.mofa.go.kr/kor/pds/part02_view04.jsp
920166,910166,9,2,2,What did Shim Heung-taek mean by ‘Dokdo belonging to this county’?,"[""Dokdo belongs to Japan’s Oki district"", ""Dokdo belongs to Uldo County"", ""Dokdo’s affiliation is unknown""]",2,He describes Dokdo as an island of his own county.,"[""That contradicts the author’s description of affiliation with his own county."", ""He describes Dokdo as an island of his own county."", ""‘Belonging to this county’ specifies Uldo County. It does not express uncertainty about affiliation.""]",Shim’s phrase “Dokdo belonging to this county” shows his understanding of Dokdo as part of Uldo county.,,,,https://dokdo.mofa.go.kr/kor/pds/part02_view04.jsp
920167,910167,9,3,3,Which phrase directly expresses Shim’s view that Dokdo belongs to Uldo county?,"[""Japanese officials visited"", ""I report as follows"", ""Dokdo belonging to this county""]",3,“Belonging to this county” states the administrative affiliation.,"[""This reports a visit but does not itself state Shim’s view of affiliation."", ""This identifies reporting, not the island’s affiliation."", ""“Belonging to this county” states the administrative affiliation.""]",Shim’s phrase “Dokdo belonging to this county” shows his understanding of Dokdo as part of Uldo county.,"Short extract: “Dokdo belonging to this county.” Here the county is Uldo, administered by the author, Shim Heung-taek.",,,https://dokdo.mofa.go.kr/kor/pds/part02_view04.jsp
920168,910168,9,4,3,What does the phrase “Dokdo belonging to this county” most directly establish?,"[""The Uldo magistrate recorded Dokdo as his county’s island in 1906"", ""Japanese officials approved Uldo affiliation in 1906"", ""The report says Dokdo was newly incorporated into Uldo in 1906""]",1,"This preserves the author, date and affiliation stated in the document.","[""This preserves the author, date and affiliation stated in the document."", ""The phrase is Shim’s wording, not approval by Japanese officials."", ""The affiliation phrase does not itself describe a new incorporation that year.""]",Shim’s phrase “Dokdo belonging to this county” shows his understanding of Dokdo as part of Uldo county.,"Author: Shim Heung-taek, Uldo magistrate of the Korean Empire. Date: 1906. Phrase: Dokdo belonging to this county.",,,https://dokdo.mofa.go.kr/kor/pds/part02_view04.jsp
920169,910169,9,1,1,Who told Shim Heung-taek in 1906 that Dokdo belonged to Japan?,"[""The Korean Empire’s emperor"", ""The visiting Japanese officials"", ""The Uldo magistrate himself""]",2,The report presents this as a claim heard from Japanese officials.,"[""The claim is reported as the visitors’ statement, not an imperial order."", ""The report presents this as a claim heard from Japanese officials."", ""Shim reports another party’s claim rather than adopting it as his own conclusion.""]",A Japanese official’s claim quoted in Shim’s report is not an endorsement by Shim.,,Shim called Dokdo part of his county and reported the claim he heard from visiting Japanese officials.,,https://dokdo.mofa.go.kr/kor/pds/part02_view04.jsp | https://dokdo.mofa.go.kr/kor/pds/part02_view05.jsp
920170,910170,9,2,2,What did Shim do by recording the Japanese officials’ claim in his report?,"[""He approved his county becoming Japanese"", ""He issued that instruction to the Japanese officials"", ""He conveyed the statement he heard to higher authorities""]",3,He reported what he heard while describing Dokdo as belonging to his county.,"[""Reporting another party’s statement is not approval of surrendering jurisdiction."", ""This was a report to higher authorities, not an order to the visitors."", ""He reported what he heard while describing Dokdo as belonging to his county.""]",A Japanese official’s claim quoted in Shim’s report is not an endorsement by Shim.,,This question concerns Shim’s reporting of the Japanese officials’ claim.,,https://dokdo.mofa.go.kr/kor/pds/part02_view04.jsp | https://dokdo.mofa.go.kr/kor/pds/part02_view05.jsp
920171,910171,9,3,3,Which of the two statements is attributed to the Japanese officials?,"[""A: Dokdo belonging to this county"", ""B: the claim that Dokdo became Japanese territory""]",2,B is explicitly identified as the visitors’ claim.,"[""A expresses Shim’s own description of county affiliation."", ""B is explicitly identified as the visitors’ claim.""]",A Japanese official’s claim quoted in Shim’s report is not an endorsement by Shim.,"A — Shim’s expression: Dokdo belonging to this county.
B — the Japanese officials’ claim as reported by Shim: Dokdo became Japanese territory.",,,https://dokdo.mofa.go.kr/kor/pds/part02_view04.jsp | https://dokdo.mofa.go.kr/kor/pds/part02_view05.jsp
920172,910172,9,4,4,What is wrong with presenting Shim’s report as the Korean Empire’s acceptance of Japan’s claim?,"[""It confuses the visitors’ claim with Shim’s position"", ""It places the 1900 decree after the 1906 report"", ""It only swaps the magistrate’s and governor’s titles""]",1,Shim reports their statement while describing Dokdo as part of his own county.,"[""Shim reports their statement while describing Dokdo as part of his own county."", ""The error here concerns attribution of the claim, not chronological ordering."", ""The issue is treating a quotation as acceptance, not merely swapping titles.""]",A Japanese official’s claim quoted in Shim’s report is not an endorsement by Shim.,Shim described Dokdo as belonging to his county and reported the visitors’ claim. The later Directive No. 3 rejected the Japanese claim and ordered investigation.,,,https://dokdo.mofa.go.kr/kor/pds/part02_view04.jsp | https://dokdo.mofa.go.kr/kor/pds/part02_view05.jsp
920173,910173,9,1,1,Which 1906 directive rejected Japan’s claim to Dokdo?,"[""Korean Empire Decree No. 41"", ""The Ulleungdo voyage prohibition"", ""Directive No. 3"", ""The Dajokan directive""]",3,Directive No. 3 rejected the claim and requested investigation after receiving the report.,"[""Decree No. 41 concerns administrative reorganisation in 1900."", ""That was a 1696 Edo shogunate order, not this response."", ""Directive No. 3 rejected the claim and requested investigation after receiving the report."", ""The Dajokan directive is a Japanese document from 1877.""]",Korean Empire Directive No. 3 of 1906 rejected Japan’s Dokdo claim and ordered further investigation and reporting.,,,,https://dokdo.mofa.go.kr/kor/pds/part02_view05.jsp
920174,910174,9,2,2,How did Directive No. 3 respond to Japan’s claim that Dokdo was Japanese?,"[""It accepted the claim."", ""It rejected the claim as false."", ""It said no report had been received.""]",2,The translated directive rejects the assertion of Japanese territory.,"[""Rejection and investigation are the opposite of unqualified acceptance."", ""The translated directive rejects the assertion of Japanese territory."", ""The directive is presented as a response to the report.""]",Korean Empire Directive No. 3 of 1906 rejected Japan’s Dokdo claim and ordered further investigation and reporting.,,,,https://dokdo.mofa.go.kr/kor/pds/part02_view05.jsp
920175,910175,9,3,3,What additional action did Directive No. 3 order the officials to take?,"[""Prepare a document approving Japan’s claim"", ""Erase the report and leave no record"", ""Investigate the island’s conditions and Japanese activities and report""]",3,The translation requests further investigation and a new report.,"[""Approval would contradict the directive’s rejection of the claim."", ""It orders further reporting, not destruction of records."", ""The translation requests further investigation and a new report.""]",Korean Empire Directive No. 3 of 1906 rejected Japan’s Dokdo claim and ordered further investigation and reporting.,"Directive No. 3, summarised: the claim of Japanese territory is unfounded; investigate the island’s conditions and Japanese activities and report again.",,,https://dokdo.mofa.go.kr/kor/pds/part02_view05.jsp
920176,910176,9,4,3,What administrative response is shown by reading Shim’s report with Directive No. 3?,"[""Receiving a local report, rejecting the claim and ordering further inquiry"", ""Immediate acceptance of Japan’s incorporation claim"", ""Prohibiting reports about the jurisdiction""]",1,Reading the report and response together reveals the action following notification.,"[""Reading the report and response together reveals the action following notification."", ""The directive rejects the claim and requests further inquiry."", ""It specifically requests further reporting.""]",Korean Empire Directive No. 3 of 1906 rejected Japan’s Dokdo claim and ordered further investigation and reporting.,1906: the magistrate reports the visitors’ Dokdo claim → Korean Empire Directive No. 3 rejects it and requests further investigation and reporting.,,,https://dokdo.mofa.go.kr/kor/pds/part02_view05.jsp
920177,910177,9,1,1,Which came first: Decree No. 41 or Shim’s report concerning Dokdo?,"[""Decree No. 41"", ""Shim’s report""]",1,The decree is from 1900 and the report from 1906.,"[""The decree is from 1900 and the report from 1906."", ""The 1906 report came after the 1900 decree.""]",The 1900 decree organised Uldo administration; the 1906 report and directive show responses concerning Dokdo.,,,,https://dokdo.mofa.go.kr/kor/pds/part02_view02.jsp | https://dokdo.mofa.go.kr/kor/pds/part02_view04.jsp | https://dokdo.mofa.go.kr/kor/pds/part02_view05.jsp
920178,910178,9,2,2,Which document reported events concerning Dokdo after Uldo’s administrative reform?,"[""Decree No. 41"", ""Shim Heung-taek’s report"", ""The Dajokan directive""]",2,"Shim reported information about Dokdo in 1906, after the administrative reform of 1900.","[""Decree No. 41 is the earlier administrative order of 1900, not the later local report."", ""Shim reported information about Dokdo in 1906, after the administrative reform of 1900."", ""The Dajokan directive was a Japanese instruction in 1877, not the 1906 Uldo magistrate’s report.""]",The 1900 decree organised Uldo administration; the 1906 report and directive show responses concerning Dokdo.,,Decree No. 41 set Uldo’s administrative structure in 1900. A report on local events followed in 1906.,,https://dokdo.mofa.go.kr/kor/pds/part02_view02.jsp | https://dokdo.mofa.go.kr/kor/pds/part02_view04.jsp | https://dokdo.mofa.go.kr/kor/pds/part02_view05.jsp
920179,910179,9,3,3,What is the order of these three records from earliest to latest?,"[""Directive No. 3 → 1900 decree → Shim’s report"", ""Shim’s report → Directive No. 3 → 1900 decree"", ""1900 decree → Shim’s 1906 report → Directive No. 3""]",3,Reorganisation preceded the local report and the subsequent directive.,"[""This places the 1906 response before the 1900 decree."", ""The 1900 decree predates both 1906 records."", ""Reorganisation preceded the local report and the subsequent directive.""]",The 1900 decree organised Uldo administration; the 1906 report and directive show responses concerning Dokdo.,"1900: Decree No. 41.
1906: Shim’s Dokdo report and the subsequent Directive No. 3.",,,https://dokdo.mofa.go.kr/kor/pds/part02_view02.jsp | https://dokdo.mofa.go.kr/kor/pds/part02_view04.jsp | https://dokdo.mofa.go.kr/kor/pds/part02_view05.jsp
920180,910180,9,4,4,Which summary correctly distinguishes the roles of the three records?,"[""Decree: reform / report: notification / directive: response"", ""Decree: local report / report: imperial order / directive: map"", ""Decree: response / report: renaming / directive: local report""]",1,This distinguishes each record’s role in sequence.,"[""This distinguishes each record’s role in sequence."", ""The types and functions are mismatched."", ""The actual functions have been rearranged incorrectly.""]",The 1900 decree organised Uldo administration; the 1906 report and directive show responses concerning Dokdo.,Record cards: 1900 decree — Uldo reorganisation; 1906 Shim report — local information; Directive No. 3 — rejection of the claim and further investigation.,,,https://dokdo.mofa.go.kr/kor/pds/part02_view02.jsp | https://dokdo.mofa.go.kr/kor/pds/part02_view04.jsp | https://dokdo.mofa.go.kr/kor/pds/part02_view05.jsp
920181,910181,10,1,1,On which main island of Dokdo is Cheonjang Cave?,"[""Seodo"", ""Dongdo""]",2,Cheonjang Cave is described as a depression in central Dongdo.,"[""Unlike Mulgol on Seodo, Cheonjang Cave is on Dongdo."", ""Cheonjang Cave is described as a depression in central Dongdo.""]","Cheonjang Cave is a deep, well-shaped depression in central Dongdo.",,,,https://korean.visitkorea.or.kr/detail/ms_detail.do?cotid=21978541-1e2d-4dd8-83fd-92ce4f55dec6 | https://www.dokdo.re.kr/home/cms/cmsCont.do?cntnts_sn=65
920182,910182,10,2,2,Which description best matches the overall form of Cheonjang Cave?,"[""A door-like rock arch"", ""A deep, well-shaped hollow"", ""A sandy ridge parallel to the sea""]",2,A deep central depression is the described feature.,"[""A rock arch describes Dongnimmun Rock rather than this depression."", ""A deep central depression is the described feature."", ""Cheonjang Cave is a rocky depression, not a sandy ridge.""]","Cheonjang Cave is a deep, well-shaped depression in central Dongdo.",,,,https://korean.visitkorea.or.kr/detail/ms_detail.do?cotid=21978541-1e2d-4dd8-83fd-92ce4f55dec6 | https://www.dokdo.re.kr/home/cms/cmsCont.do?cntnts_sn=65
920183,910183,10,3,3,Which Dokdo place matches the supplied description?,"[""Mulgol"", ""Tanggeonbong"", ""Cheonjang Cave""]",3,Its central Dongdo location and well-shaped depression identify Cheonjang Cave.,"[""Mulgol is Seodo’s historical water source."", ""Tanggeonbong is a peak on Seodo, not a central Dongdo depression."", ""Its central Dongdo location and well-shaped depression identify Cheonjang Cave.""]","Cheonjang Cave is a deep, well-shaped depression in central Dongdo.","Location: central Dongdo. Form: a deep, well-shaped depression. Although once thought to be a crater, the tourism description explains it as a collapse feature shaped by weathering and erosion.",,,https://korean.visitkorea.or.kr/detail/ms_detail.do?cotid=21978541-1e2d-4dd8-83fd-92ce4f55dec6 | https://www.dokdo.re.kr/home/cms/cmsCont.do?cntnts_sn=65
920184,910184,10,4,3,Which feature should an explanatory drawing of Cheonjang Cave include?,"[""A deep hollow descending within Dongdo"", ""A sharp summit on Seodo"", ""Only a door-shaped arch on Dongdo’s coast""]",1,"The central depression, not merely a small opening in a coastal wall, is the key feature.","[""The central depression, not merely a small opening in a coastal wall, is the key feature."", ""This is a different island and a peak rather than a depression."", ""That confuses the feature with Dongnimmun’s sea arch.""]","Cheonjang Cave is a deep, well-shaped depression in central Dongdo.","Feature checklist: central Dongdo; well-shaped; deeply depressed space. This asks about an explanatory drawing, not a surveyed plan.",,,https://korean.visitkorea.or.kr/detail/ms_detail.do?cotid=21978541-1e2d-4dd8-83fd-92ce4f55dec6 | https://www.dokdo.re.kr/home/cms/cmsCont.do?cntnts_sn=65
920185,910185,10,1,1,Which Dokdo rock is named for its door-like arch?,"[""Sutdol Rock"", ""Dongnimmun Rock"", ""Gaje Rock""]",2,Its arch-like form is associated with the name Dongnimmun.,"[""Sutdol’s name relates to resemblance to a whetstone, not a door arch."", ""Its arch-like form is associated with the name Dongnimmun."", ""Gaje’s name is associated with an old term for sea lions.""]",Dongnimmun Rock on Dongdo is a door-like sea arch formed in coastal rock.,,,,https://korean.visitkorea.or.kr/detail/ms_detail.do?cotid=0fe4eeb6-3f6a-48b1-ab75-c8d4ab6b43be | https://www.dokdo.re.kr/home/cms/cmsCont.do?cntnts_sn=65 | https://www.dokdo.re.kr/home/cms/cmsCont.do?cntnts_sn=66
920186,910186,10,2,1,On which main island’s coast is Dongnimmun Rock?,"[""Dongdo"", ""Seodo""]",1,Dongnimmun Rock is described as a sea arch on Dongdo.,"[""Dongnimmun Rock is described as a sea arch on Dongdo."", ""Unlike Seodo’s peaks or Mulgol, this feature is on Dongdo.""]",Dongnimmun Rock on Dongdo is a door-like sea arch formed in coastal rock.,,,,https://korean.visitkorea.or.kr/detail/ms_detail.do?cotid=0fe4eeb6-3f6a-48b1-ab75-c8d4ab6b43be | https://www.dokdo.re.kr/home/cms/cmsCont.do?cntnts_sn=65 | https://www.dokdo.re.kr/home/cms/cmsCont.do?cntnts_sn=66
920187,910187,10,3,3,What type of landform is Dongnimmun Rock?,"[""River delta"", ""Glacial valley"", ""Sea arch""]",3,A sea arch is an opening eroded through coastal rock.,"[""A delta is a depositional river-mouth landform, unlike the rock arch."", ""The feature is not described as a glacial valley."", ""A sea arch is an opening eroded through coastal rock.""]",Dongnimmun Rock on Dongdo is a door-like sea arch formed in coastal rock.,"Dongnimmun Rock: erosion opened a passage through coastal rock, leaving rock above it as a door-like arch.",,,https://korean.visitkorea.or.kr/detail/ms_detail.do?cotid=0fe4eeb6-3f6a-48b1-ab75-c8d4ab6b43be | https://www.dokdo.re.kr/home/cms/cmsCont.do?cntnts_sn=65 | https://www.dokdo.re.kr/home/cms/cmsCont.do?cntnts_sn=66
920188,910188,10,4,3,Which distinction between Dongnimmun Rock and Cheonjang Cave is correct?,"[""Dongnimmun is an arch; Cheonjang is a well-shaped depression"", ""Both are sharp peaks on Seodo"", ""Dongnimmun is a depression; Cheonjang is a sea arch""]",1,"Both involve openings, but an arch passage and a depression are different forms.","[""Both involve openings, but an arch passage and a depression are different forms."", ""Both are on Dongdo and neither is described here as a sharp peak."", ""The characteristics have been reversed.""]",Dongnimmun Rock on Dongdo is a door-like sea arch formed in coastal rock.,Dongdo comparison: Dongnimmun Rock — a door-like sea arch; Cheonjang Cave — a central well-shaped depression.,,,https://korean.visitkorea.or.kr/detail/ms_detail.do?cotid=0fe4eeb6-3f6a-48b1-ab75-c8d4ab6b43be | https://www.dokdo.re.kr/home/cms/cmsCont.do?cntnts_sn=65 | https://www.dokdo.re.kr/home/cms/cmsCont.do?cntnts_sn=66
920189,910189,10,1,1,Which facility is Sutdol Rock near?,"[""Seodo’s accommodation"", ""Dongdo’s dock"", ""A harbour on Ulleungdo""]",2,The rock is described as being near Dongdo’s dock.,"[""Its described location is by Dongdo’s dock, not Seodo’s accommodation."", ""The rock is described as being near Dongdo’s dock."", ""This rock is a feature by Dongdo in Dokdo, not Ulleungdo.""]",Sutdol Rock is near Dongdo’s dock and is named for its whetstone-like rock.,,,,https://korean.visitkorea.or.kr/detail/ms_detail.do?cotid=603167d6-1056-43c1-8a3d-c8640dd25938 | https://www.dokdo.re.kr/home/cms/cmsCont.do?cntnts_sn=65
920190,910190,10,2,2,Which object is associated with Sutdol Rock’s name?,"[""A tanggeon headpiece"", ""A gateway"", ""A whetstone used for sharpening""]",3,The account links its rock to a whetstone used for sharpening.,"[""The headpiece is associated with Tanggeonbong."", ""A gateway-like form is associated with Dongnimmun Rock."", ""The account links its rock to a whetstone used for sharpening.""]",Sutdol Rock is near Dongdo’s dock and is named for its whetstone-like rock.,,,,https://korean.visitkorea.or.kr/detail/ms_detail.do?cotid=603167d6-1056-43c1-8a3d-c8640dd25938 | https://www.dokdo.re.kr/home/cms/cmsCont.do?cntnts_sn=65
920191,910191,10,3,3,What orientation of columnar joints is described at Sutdol Rock?,"[""Lying horizontally"", ""All standing vertically"", ""Spiralling in circles""]",1,The tourism account highlights horizontal columnar joints.,"[""The tourism account highlights horizontal columnar joints."", ""Columnar joints need not always stand vertically; this account specifies horizontal ones."", ""The described feature is horizontal jointing, not a spiral.""]",Sutdol Rock is near Dongdo’s dock and is named for its whetstone-like rock.,Sutdol Rock account: whetstone-like rock with horizontal columnar joints. Columnar jointing forms pillar-like divisions in rock.,,,https://korean.visitkorea.or.kr/detail/ms_detail.do?cotid=603167d6-1056-43c1-8a3d-c8640dd25938 | https://www.dokdo.re.kr/home/cms/cmsCont.do?cntnts_sn=65
920192,910192,10,4,3,Which set of clues correctly identifies Sutdol Rock?,"[""A Seodo peak; headpiece shape; elevated summit"", ""Near Dongdo dock; whetstone-like rock; horizontal joints"", ""Central Dongdo; well-shaped; deeply depressed""]",2,All three clues match the supplied description.,"[""These clues concern Tanggeonbong rather than Sutdol Rock."", ""All three clues match the supplied description."", ""This combination identifies Cheonjang Cave.""]",Sutdol Rock is near Dongdo’s dock and is named for its whetstone-like rock.,"Sutdol Rock stands near Dongdo’s dock, has whetstone-like rock, and displays horizontal columnar jointing.",,,https://korean.visitkorea.or.kr/detail/ms_detail.do?cotid=603167d6-1056-43c1-8a3d-c8640dd25938 | https://www.dokdo.re.kr/home/cms/cmsCont.do?cntnts_sn=65
920193,910193,10,1,1,“Gaje” in Dokdo’s Gaje Rock is an old name for which animal?,"[""Black-tailed gull"", ""Octopus"", ""Sea lion""]",3,The place-name account links gaje with an old name for sea lions.,"[""The gull is a bird and is not the animal identified by gaje."", ""The name is linked to sea lions, not octopuses."", ""The place-name account links gaje with an old name for sea lions.""]",Gaje is an old name for the sea lion and survives in the name Gaje Rock on Dokdo.,,,,https://www.dokdo.re.kr/home/cms/cmsCont.do?cntnts_sn=65
920194,910194,10,2,2,What aspect of Dokdo’s history is remembered in the name Gaje Rock?,"[""The history of sea lions living there"", ""A name referring only to seabirds"", ""An old name for seaweed""]",1,"The rock name preserves gaje, an old sea lion term.","[""The rock name preserves gaje, an old sea lion term."", ""Gaje refers to sea lions, not seabirds."", ""Gaje refers to a marine mammal, not seaweed.""]",Gaje is an old name for the sea lion and survives in the name Gaje Rock on Dokdo.,,,,https://www.dokdo.re.kr/home/cms/cmsCont.do?cntnts_sn=65
920195,910195,10,3,3,Which place name is connected by the explanation “gaje is an old name for sea lions”?,"[""Tanggeonbong"", ""Gaje Rock"", ""Sutdol Rock""]",2,The old animal name appears in the place name.,"[""Tanggeonbong is linked to the shape of a headpiece."", ""The old animal name appears in the place name."", ""Sutdol is named for its whetstone-like rock.""]",Gaje is an old name for the sea lion and survives in the name Gaje Rock on Dokdo.,Name key: gaje — an old word for sea lion; tanggeon — a traditional headpiece; sutdol — a sharpening stone.,,,https://www.dokdo.re.kr/home/cms/cmsCont.do?cntnts_sn=65
920196,910196,10,4,3,Why can Gaje Rock’s name alone not tell us the number of sea lions living there now?,"[""Every animal place name is unrelated to real animals"", ""The old word never referred to an animal"", ""The name preserves an origin, not a current animal count""]",3,"A place name records history, not a present census.","[""This name is linked to sea lions; the issue is not absence of a historical connection."", ""That contradicts the supplied meaning of gaje."", ""A place name records history, not a present census.""]",Gaje is an old name for the sea lion and survives in the name Gaje Rock on Dokdo.,Gaje Rock preserves an old name for sea lions. The species is extinct; digital visitors in the app are not wildlife observations.,,,https://www.dokdo.re.kr/home/cms/cmsCont.do?cntnts_sn=65
920197,910197,10,1,1,On which main island is Tanggeonbong?,"[""Dongdo"", ""Seodo""]",2,Tanggeonbong is a named peak on Seodo.,"[""It is on Seodo, distinct from Dongdo’s Usanbong."", ""Tanggeonbong is a named peak on Seodo.""]",Tanggeonbong is on Seodo and is named for its resemblance to a traditional tanggeon headpiece.,,,,https://www.dokdo.re.kr/home/cms/cmsCont.do?cntnts_sn=65
920198,910198,10,2,2,What shape is associated with Tanggeonbong’s name?,"[""A traditional tanggeon headpiece"", ""A sharpening stone"", ""A doorway-like arch""]",1,The name is explained through resemblance to the headpiece.,"[""The name is explained through resemblance to the headpiece."", ""A sharpening stone is associated with Sutdol Rock."", ""The arch is associated with Dongnimmun Rock.""]",Tanggeonbong is on Seodo and is named for its resemblance to a traditional tanggeon headpiece.,,,,https://www.dokdo.re.kr/home/cms/cmsCont.do?cntnts_sn=65
920199,910199,10,3,3,Which Dokdo place name matches the headpiece shape in the name-origin table?,"[""Gaje Rock"", ""Tanggeonbong"", ""Sutdol Rock""]",2,The name connects a peak’s shape with a tanggeon.,"[""Gaje is linked to an old animal name, not this headpiece."", ""The name connects a peak’s shape with a tanggeon."", ""This name relates to whetstone-like rock.""]",Tanggeonbong is on Seodo and is named for its resemblance to a traditional tanggeon headpiece.,Names and origins: Tanggeonbong — headpiece-like shape; Gaje Rock — an old sea lion name; Sutdol Rock — whetstone-like rock.,,,https://www.dokdo.re.kr/home/cms/cmsCont.do?cntnts_sn=65
920200,910200,10,4,3,Which pairing correctly separates a shape-based and an animal-based Dokdo name?,"[""Shape: Gaje Rock / animal: Tanggeonbong"", ""Shape: Sutdol Rock / animal: Tanggeonbong"", ""Shape: Tanggeonbong / animal: Gaje Rock""]",3,The former refers to a headpiece shape; the latter to sea lions.,"[""The two origin types have been reversed."", ""Tanggeonbong is explained by a headpiece shape, not an animal."", ""The former refers to a headpiece shape; the latter to sea lions.""]",Tanggeonbong is on Seodo and is named for its resemblance to a traditional tanggeon headpiece.,Tanggeon is a traditional headpiece; gaje is an old term for sea lions. The name account links them to Tanggeonbong and Gaje Rock.,,,https://www.dokdo.re.kr/home/cms/cmsCont.do?cntnts_sn=65
920201,910201,11,1,1,Which 1877 Japanese document said Ulleungdo and Dokdo had nothing to do with Japan?,"[""Korean Empire Decree No. 41"", ""The Ulleungdo voyage prohibition"", ""Directive No. 3"", ""The Dajokan directive""]",4,This is the 1877 instruction from Japan’s highest administrative body to its Home Ministry.,"[""This is the Korean Empire’s 1900 administrative reorganisation decree."", ""This is the 1696 order prohibiting Japanese fishermen’s voyages to Ulleungdo."", ""This is the Korean Empire’s 1906 response to the Dokdo report."", ""This is the 1877 instruction from Japan’s highest administrative body to its Home Ministry.""]",In 1877 Japan’s Dajokan instructed the Home Ministry to understand Ulleungdo and Dokdo as having no relation to Japan.,,The Dajokan was Japan’s highest administrative body at the time. A directive is an instruction from a superior authority.,The original wording is “Takeshima and one other island”. Modern names follow ROK MOFA’s published translation and commentary on the attached map.,https://dokdo.mofa.go.kr/kor/pds/part05_view03.jsp | https://dokdo.mofa.go.kr/kor/pds/part06_view09.jsp
920202,910202,11,2,2,How did Japan’s Dajokan regard Ulleungdo and Dokdo in 1877?,"[""Islands having nothing to do with Japan"", ""Both islands belonging to Japan"", ""Only Dokdo belonging to Japan""]",1,That is the central instruction in the published translation.,"[""That is the central instruction in the published translation."", ""This reverses the instruction that they had no relation to Japan."", ""The commentary identifies both islands as covered, without such an exception.""]",In 1877 Japan’s Dajokan instructed the Home Ministry to understand Ulleungdo and Dokdo as having no relation to Japan.,,,The original wording is “Takeshima and one other island”. Modern names follow ROK MOFA’s published translation and commentary on the attached map.,https://dokdo.mofa.go.kr/kor/pds/part05_view03.jsp | https://dokdo.mofa.go.kr/kor/pds/part06_view09.jsp
920203,910203,11,3,3,Which country does “our country” refer to in the Japanese Dajokan document?,"[""Joseon"", ""Japan"", ""The Republic of Korea""]",2,It is a Japanese government body’s reference to its own country.,"[""The authoring institution is Japanese, so this does not refer to Joseon."", ""It is a Japanese government body’s reference to its own country."", ""The reference follows the original author, not the country reading the translation today.""]",In 1877 Japan’s Dajokan instructed the Home Ministry to understand Ulleungdo and Dokdo as having no relation to Japan.,Authoring authority: Japan’s Dajokan in 1877. The published translation identifies “our country” in the instruction as Japan.,,The original wording is “Takeshima and one other island”. Modern names follow ROK MOFA’s published translation and commentary on the attached map.,https://dokdo.mofa.go.kr/kor/pds/part05_view03.jsp | https://dokdo.mofa.go.kr/kor/pds/part06_view09.jsp
920204,910204,11,4,3,What historical Japanese government judgment is identified by reading the directive with its attached map?,"[""That Ulleungdo was excluded but Dokdo was Japanese"", ""That Dokdo was excluded but Ulleungdo was Japanese"", ""That the two islands were not regarded as Japanese territory""]",3,ROK MOFA explains this historical significance through the instruction and map identifications.,"[""This omits the commentary identifying the other island as Dokdo."", ""Ulleungdo, identified as Takeshima here, is also covered by the instruction."", ""ROK MOFA explains this historical significance through the instruction and map identifications.""]",In 1877 Japan’s Dajokan instructed the Home Ministry to understand Ulleungdo and Dokdo as having no relation to Japan.,"Directive summary: understand Takeshima and one other island as having no relation to Japan.
Attached-map commentary: Takeshima here is Ulleungdo and the other island is Dokdo.",,The original wording is “Takeshima and one other island”. Modern names follow ROK MOFA’s published translation and commentary on the attached map.,https://dokdo.mofa.go.kr/kor/pds/part05_view03.jsp | https://dokdo.mofa.go.kr/kor/pds/part06_view09.jsp
920205,910205,11,1,1,What is the 1696 Edo shogunate order prohibiting Japanese fishermen’s voyages to Ulleungdo called?,"[""The Ulleungdo voyage prohibition"", ""The Dajokan directive"", ""Korean Empire Decree No. 41"", ""Directive No. 3""]",1,Dohae means crossing the sea; this order prohibited those voyages to Ulleungdo.,"[""Dohae means crossing the sea; this order prohibited those voyages to Ulleungdo."", ""That is a Japanese administrative directive from 1877."", ""That is the Korean Empire’s 1900 reorganisation decree."", ""That is the Korean Empire’s 1906 response to a report on Dokdo.""]",In 1696 the Edo shogunate prohibited Japanese fishermen from sailing to Ulleungdo.,,,The destination explicitly named in this prohibition is Ulleungdo. Its wider historical relevance to Dokdo is distinguished from the destination stated in the text.,https://dokdo.mofa.go.kr/kor/pds/part05_view06.jsp | https://dokdo.mofa.go.kr/m/kor/dokdo/reason_list.jsp
920206,910206,11,2,2,What does “dohae” mean in the 1696 Ulleungdo voyage prohibition?,"[""Crossing the sea"", ""Surveying land boundaries"", ""Renaming an island""]",1,In this context it means making a sea voyage to Ulleungdo.,"[""In this context it means making a sea voyage to Ulleungdo."", ""It means a sea crossing, not a land survey."", ""The term denotes travel, not renaming.""]",In 1696 the Edo shogunate prohibited Japanese fishermen from sailing to Ulleungdo.,,,The destination explicitly named in this prohibition is Ulleungdo. Its wider historical relevance to Dokdo is distinguished from the destination stated in the text.,https://dokdo.mofa.go.kr/kor/pds/part05_view06.jsp | https://dokdo.mofa.go.kr/m/kor/dokdo/reason_list.jsp
920207,910207,11,3,3,Which modern island is the destination called “Takeshima” in the 1696 prohibition?,"[""Dokdo"", ""Ulleungdo"", ""Oki Islands""]",2,"In the published translation of this prohibition, Takeshima is Ulleungdo.","[""The identification in this historical document must not be replaced by present-day Japanese usage."", ""In the published translation of this prohibition, Takeshima is Ulleungdo."", ""The destination in the published translation is Ulleungdo, not Oki.""]",In 1696 the Edo shogunate prohibited Japanese fishermen from sailing to Ulleungdo.,"1696 prohibition, summarised: Japanese fishermen are prohibited from sailing to Takeshima, identified as Ulleungdo in this record.",,The destination explicitly named in this prohibition is Ulleungdo. Its wider historical relevance to Dokdo is distinguished from the destination stated in the text.,https://dokdo.mofa.go.kr/kor/pds/part05_view06.jsp | https://dokdo.mofa.go.kr/m/kor/dokdo/reason_list.jsp
920208,910208,11,4,3,"Which option correctly links the issuer, people affected and destination in the 1696 order?","[""Joseon government → Joseon fishermen → Oki"", ""Edo shogunate → Joseon fishermen → Ulleungdo"", ""Edo shogunate → Japanese fishermen → Ulleungdo""]",3,All three elements match the order.,"[""The issuer, affected people and destination all differ from the source."", ""The issuer and destination fit, but the affected fishermen were Japanese."", ""All three elements match the order.""]",In 1696 the Edo shogunate prohibited Japanese fishermen from sailing to Ulleungdo.,Record summary: in 1696 the Edo shogunate instructed Japanese fishermen not to sail to Ulleungdo.,,The destination explicitly named in this prohibition is Ulleungdo. Its wider historical relevance to Dokdo is distinguished from the destination stated in the text.,https://dokdo.mofa.go.kr/kor/pds/part05_view06.jsp | https://dokdo.mofa.go.kr/m/kor/dokdo/reason_list.jsp
920209,910209,11,1,1,What is the map attached to the Dajokan directive-related papers called?,"[""Kijukudo-yakdo"", ""Daedongyeojido"", ""Paldo-chongdo""]",1,This is the map presented as an attachment to the 1877 directive-related papers.,"[""This is the map presented as an attachment to the 1877 directive-related papers."", ""The named attachment here is Kijukudo-yakdo, not Daedongyeojido."", ""The attachment identified in this source is Kijukudo-yakdo, not Paldo-chongdo.""]",The attached Kijukudo-yakdo map is presented as evidence identifying the directive’s “other island” as Dokdo.,,"Kijukudo-yakdo is the name of a historical map of the islands, presented with the papers reviewed for the 1877 directive.",Place-name identifications and historical significance follow ROK MOFA’s commentary. The question does not infer sovereignty merely from a map’s country of production.,https://dokdo.mofa.go.kr/kor/pds/part06_view09.jsp | https://dokdo.mofa.go.kr/kor/include/print_faq.jsp?class_faq=q7
920210,910210,11,2,2,Which modern island is identified as the directive’s “one other island”?,"[""Ulleungdo"", ""Dokdo"", ""Jeju Island""]",2,ROK MOFA identifies the other island as Dokdo by considering the directive and attached map together.,"[""Ulleungdo corresponds to Takeshima in this document and is distinct from the other island."", ""ROK MOFA identifies the other island as Dokdo by considering the directive and attached map together."", ""The supplied map commentary does not identify the other island as Jeju.""]",The attached Kijukudo-yakdo map is presented as evidence identifying the directive’s “other island” as Dokdo.,,,Place-name identifications and historical significance follow ROK MOFA’s commentary. The question does not infer sovereignty merely from a map’s country of production.,https://dokdo.mofa.go.kr/kor/pds/part06_view09.jsp | https://dokdo.mofa.go.kr/kor/include/print_faq.jsp?class_faq=q7
920211,910211,11,3,3,Which pair of historical names corresponds to Ulleungdo and Dokdo in the attached-map commentary?,"[""Takeshima — Dokdo / Matsushima — Ulleungdo"", ""Takeshima — Jeju / Matsushima — Oki"", ""Takeshima — Ulleungdo / Matsushima — Dokdo""]",3,These are the identifications in this particular account.,"[""This reverses the identifications in the attached-map commentary."", ""The supplied names do not correspond to Jeju and Oki."", ""These are the identifications in this particular account.""]",The attached Kijukudo-yakdo map is presented as evidence identifying the directive’s “other island” as Dokdo.,"Name table summarising the commentary: Takeshima — Ulleungdo; Matsushima — Dokdo. This is a reading task using a commentary table, not an image-based map-identification task.",,Place-name identifications and historical significance follow ROK MOFA’s commentary. The question does not infer sovereignty merely from a map’s country of production.,https://dokdo.mofa.go.kr/kor/pds/part06_view09.jsp | https://dokdo.mofa.go.kr/kor/include/print_faq.jsp?class_faq=q7
920212,910212,11,4,4,Why is the attached map important in interpreting the Dajokan directive?,"[""It helps identify Dokdo as the “other island” in the directive"", ""A map necessarily depicts only its maker’s territory"", ""It merges the two islands in the directive into Ulleungdo alone""]",1,It identifies the island covered and thus the directive’s relevance to Dokdo.,"[""It identifies the island covered and thus the directive’s relevance to Dokdo."", ""Production country alone is insufficient; the text and names must be examined together."", ""The commentary distinguishes the two islands rather than merging them.""]",The attached Kijukudo-yakdo map is presented as evidence identifying the directive’s “other island” as Dokdo.,The directive says to understand Takeshima and one other island as unrelated to Japan. Commentary on the attached map identifies Ulleungdo and Dokdo as the islands concerned.,,Place-name identifications and historical significance follow ROK MOFA’s commentary. The question does not infer sovereignty merely from a map’s country of production.,https://dokdo.mofa.go.kr/kor/pds/part06_view09.jsp | https://dokdo.mofa.go.kr/kor/include/print_faq.jsp?class_faq=q7
920213,910213,11,1,1,What type of document did Shim use to notify higher authorities of local conditions?,"[""A map"", ""A report"", ""An imperial decree""]",2,It communicates local information to higher authorities.,"[""A map depicts spatial relationships; this document reports conditions in writing."", ""It communicates local information to higher authorities."", ""An imperial decree is an emperor’s order, not the local official’s report.""]","Geographical texts, maps, reports and orders provide different kinds of historical evidence concerning Dokdo.",,,,https://dokdo.mofa.go.kr/kor/pds/part06_view02.jsp | https://dokdo.mofa.go.kr/kor/pds/part02_view02.jsp | https://dokdo.mofa.go.kr/kor/pds/part02_view04.jsp | https://dokdo.mofa.go.kr/kor/pds/part02_view05.jsp | https://dokdo.mofa.go.kr/kor/pds/part06_view09.jsp
920214,910214,11,2,2,What kind of source is a decree establishing administrative jurisdiction?,"[""A private travel diary"", ""A sketch map of rocks"", ""An imperial order""]",3,A decree is an order issued by the emperor.,"[""It is an official order rather than personal impressions."", ""It sets administrative provisions rather than sketching locations."", ""A decree is an order issued by the emperor.""]","Geographical texts, maps, reports and orders provide different kinds of historical evidence concerning Dokdo.",,,,https://dokdo.mofa.go.kr/kor/pds/part06_view02.jsp | https://dokdo.mofa.go.kr/kor/pds/part02_view02.jsp | https://dokdo.mofa.go.kr/kor/pds/part02_view04.jsp | https://dokdo.mofa.go.kr/kor/pds/part02_view05.jsp | https://dokdo.mofa.go.kr/kor/pds/part06_view09.jsp
920215,910215,11,3,3,Which pair consists of administrative orders?,"[""Decree No. 41 and Directive No. 3"", ""Kijukudo-yakdo and a facility map"", ""Shim’s report and a traveller’s diary""]",1,Both set out instructions: reorganisation and further investigation/reporting.,"[""Both set out instructions: reorganisation and further investigation/reporting."", ""These are maps rather than orders."", ""These record information; they are not both orders.""]","Geographical texts, maps, reports and orders provide different kinds of historical evidence concerning Dokdo.",Types: decree — imperial order; directive — institutional instruction; report — communication of conditions; map — spatial representation.,,,https://dokdo.mofa.go.kr/kor/pds/part06_view02.jsp | https://dokdo.mofa.go.kr/kor/pds/part02_view02.jsp | https://dokdo.mofa.go.kr/kor/pds/part02_view04.jsp | https://dokdo.mofa.go.kr/kor/pds/part02_view05.jsp | https://dokdo.mofa.go.kr/kor/pds/part06_view09.jsp
920216,910216,11,4,3,What can a decree and a local report respectively help establish?,"[""Read the decree as an eyewitness account and the report as an imperial order"", ""The decree’s provisions and the report’s local information"", ""Remove the dates and read them as one document""]",2,This correctly combines the distinct functions of order and report.,"[""Swapping the roles misrepresents the evidence."", ""This correctly combines the distinct functions of order and report."", ""The distinct dates and roles must be retained.""]","Geographical texts, maps, reports and orders provide different kinds of historical evidence concerning Dokdo.",Sources: Decree No. 41 of 1900 sets Uldo’s administration; Shim’s 1906 report conveys local information concerning Dokdo.,,,https://dokdo.mofa.go.kr/kor/pds/part06_view02.jsp | https://dokdo.mofa.go.kr/kor/pds/part02_view02.jsp | https://dokdo.mofa.go.kr/kor/pds/part02_view04.jsp | https://dokdo.mofa.go.kr/kor/pds/part02_view05.jsp | https://dokdo.mofa.go.kr/kor/pds/part06_view09.jsp
920217,910217,11,1,1,Which Japanese institution issued the Dajokan directive in 1877?,"[""The Home Ministry"", ""Shimane Prefecture"", ""The Dajokan""]",3,It was the highest Japanese administrative body issuing the instruction.,"[""The Home Ministry submitted the inquiry and received the instruction."", ""The issuing authority here is the Dajokan, not a prefecture."", ""It was the highest Japanese administrative body issuing the instruction.""]",A historical Japanese document and its modern ROK MOFA translation/commentary have different authors and roles.,,,,https://dokdo.mofa.go.kr/kor/pds/part05_view03.jsp | https://dokdo.mofa.go.kr/kor/pds/part06_view09.jsp | https://dokdo.mofa.go.kr/kor/pds/part05_view06.jsp
920218,910218,11,2,1,Which Japanese institution asked the Dajokan how to handle the two islands in 1877?,"[""The Home Ministry"", ""The Dajokan"", ""The Foreign Ministry""]",1,Japan’s Home Ministry submitted the land-record inquiry.,"[""Japan’s Home Ministry submitted the land-record inquiry."", ""The Dajokan received the inquiry and issued the instruction."", ""The institution for this inquiry is identified as the Home Ministry, not the Foreign Ministry.""]",A historical Japanese document and its modern ROK MOFA translation/commentary have different authors and roles.,,,,https://dokdo.mofa.go.kr/kor/pds/part05_view03.jsp | https://dokdo.mofa.go.kr/kor/pds/part06_view09.jsp | https://dokdo.mofa.go.kr/kor/pds/part05_view06.jsp
920219,910219,11,3,3,Which institution published the modern translation and commentary in this source card?,"[""Japan’s Dajokan in 1877"", ""The ROK Ministry of Foreign Affairs"", ""Japan’s Home Ministry in 1877""]",2,"The modern publisher is ROK MOFA, distinct from the historical author.","[""The Dajokan issued the original instruction, not the modern Korean commentary."", ""The modern publisher is ROK MOFA, distinct from the historical author."", ""The ministry submitted the historical inquiry; it is not the modern publisher.""]",A historical Japanese document and its modern ROK MOFA translation/commentary have different authors and roles.,"Original instruction: Japan’s Dajokan, 1877.
Inquiring institution: Japan’s Home Ministry.
Modern Korean translation/commentary: ROK MOFA Dokdo website.",,,https://dokdo.mofa.go.kr/kor/pds/part05_view03.jsp | https://dokdo.mofa.go.kr/kor/pds/part06_view09.jsp | https://dokdo.mofa.go.kr/kor/pds/part05_view06.jsp
920220,910220,11,4,3,Which attribution correctly separates the directive’s author from its modern commentator?,"[""Original: ROK MOFA / translation: Japan’s Dajokan"", ""Both the original and modern commentary: Japan’s Home Ministry"", ""Original: Japan’s Dajokan / translation and commentary: ROK MOFA""]",3,Giving both country and role distinguishes the historical instruction from modern interpretation.,"[""This reverses the historical author and modern publisher."", ""The Home Ministry was the inquirer, not both the author and modern commentator."", ""Giving both country and role distinguishes the historical instruction from modern interpretation.""]",A historical Japanese document and its modern ROK MOFA translation/commentary have different authors and roles.,Japan’s Dajokan responded to the Home Ministry’s inquiry in 1877. Today ROK MOFA publishes the translation and commentary on the attached map.,,,https://dokdo.mofa.go.kr/kor/pds/part05_view03.jsp | https://dokdo.mofa.go.kr/kor/pds/part06_view09.jsp | https://dokdo.mofa.go.kr/kor/pds/part05_view06.jsp
920221,910221,12,1,1,Which sea condition makes docking at Dokdo difficult?,"[""High waves"", ""Light wind and calm water"", ""Almost no waves""]",1,High waves can interfere with safe docking and disembarkation.,"[""High waves can interfere with safe docking and disembarkation."", ""These conditions are more favourable than high waves, though actual decisions follow operator guidance."", ""Almost no wave action is not the high-wave condition described.""]",Landing on Dokdo depends on weather and sea conditions; a ferry ticket does not guarantee disembarkation.,,,Actual visits require current operator and authority guidance. This lesson is not live service information.,https://dokdo.mofa.go.kr/kor/introduce/residence.jsp
920222,910222,12,2,2,Why might someone with a Dokdo ferry ticket still be unable to land?,"[""Arrival always guarantees disembarkation."", ""Weather and waves can prevent docking."", ""Yesterday’s landing guarantees today’s.""]",2,Having a ticket and having safe docking conditions are separate.,"[""Disembarkation can still be restricted after arrival."", ""Having a ticket and having safe docking conditions are separate."", ""Conditions may change, so today’s situation must be checked.""]",Landing on Dokdo depends on weather and sea conditions; a ferry ticket does not guarantee disembarkation.,,,Actual visits require current operator and authority guidance. This lesson is not live service information.,https://dokdo.mofa.go.kr/kor/introduce/residence.jsp
920223,910223,12,3,3,Which condition should a visitor include in a Dokdo travel plan based on the notice?,"[""A ticket guarantees landing regardless of waves"", ""Yesterday’s photo determines today’s landing"", ""Landing may be cancelled due to that day’s conditions""]",3,The plan should account for the stated possibility of restrictions.,"[""The notice explicitly allows weather-related restrictions."", ""A previous photo cannot establish present berthing safety."", ""The plan should account for the stated possibility of restrictions.""]",Landing on Dokdo depends on weather and sea conditions; a ferry ticket does not guarantee disembarkation.,"Visitor notice, summarised: weather or vessel circumstances may restrict landing. Check current operator information before departure.",,Actual visits require current operator and authority guidance. This lesson is not live service information.,https://dokdo.mofa.go.kr/kor/introduce/residence.jsp
920224,910224,12,4,3,What should be checked first to confirm possible landing on the travel day?,"[""Current operator and authority notices on sailing and landing"", ""Travel photos from a clear day years ago"", ""Only the annual mean temperature""]",1,Current safety and service information is needed for an actual visit.,"[""Current safety and service information is needed for an actual visit."", ""Historical photos do not establish today’s docking conditions."", ""A long-term average cannot replace current wind, wave and service information.""]",Landing on Dokdo depends on weather and sea conditions; a ferry ticket does not guarantee disembarkation.,Situation: a Dokdo ferry ticket is booked for departure today. The notice says landing may be restricted by weather or vessel circumstances.,,Actual visits require current operator and authority guidance. This lesson is not live service information.,https://dokdo.mofa.go.kr/kor/introduce/residence.jsp
920225,910225,12,1,1,What mainly falls in winter in the region around Dokdo?,"[""Rain"", ""Snow"", ""Hail"", ""Fog""]",2,The regional climate account describes winter precipitation as mainly snow.,"[""Rain is precipitation too, but snow is identified as the main winter form."", ""The regional climate account describes winter precipitation as mainly snow."", ""The account identifies snow, not hail, as predominant in winter."", ""Fog can be frequent, but the question asks about falling winter precipitation, identified as snow.""]","The region around Ulleungdo, including Dokdo, has a maritime climate with winter precipitation mainly as snow.",,,"The climate account covers the Ulleungdo region including Dokdo, not live observations from Dokdo alone.",https://dokdo.mofa.go.kr/kor/introduce/nature.jsp
920226,910226,12,2,2,What is the sea-influenced climate around Dokdo called?,"[""Desert climate"", ""Maritime climate"", ""Continental climate""]",2,"The region is described as maritime, strongly influenced by the sea and warm currents.","[""The account identifies a maritime rather than desert climate."", ""The region is described as maritime, strongly influenced by the sea and warm currents."", ""The account emphasises oceanic influence rather than an inland continental setting.""]","The region around Ulleungdo, including Dokdo, has a maritime climate with winter precipitation mainly as snow.",,,"The climate account covers the Ulleungdo region including Dokdo, not live observations from Dokdo alone.",https://dokdo.mofa.go.kr/kor/introduce/nature.jsp
920227,910227,12,3,3,Which option matches the supplied climate description for the region around Dokdo?,"[""Winter precipitation mainly hail and no fog"", ""Dry throughout the year with no snow"", ""Frequent fog and winter precipitation mainly as snow""]",3,Both features are included in the regional climate description.,"[""Both parts conflict with snow and frequent fog."", ""The supplied account describes a maritime region with fog and precipitation."", ""Both features are included in the regional climate description.""]","The region around Ulleungdo, including Dokdo, has a maritime climate with winter precipitation mainly as snow.",Regional climate summary: strong maritime influence; frequent fog and cloudy days; winter precipitation mainly in the form of snow.,,"The climate account covers the Ulleungdo region including Dokdo, not live observations from Dokdo alone.",https://dokdo.mofa.go.kr/kor/introduce/nature.jsp
920228,910228,12,4,4,"What must be corrected in “snow predominates in winter, so it must snow on Dokdo today”?","[""Turning a typical climate feature into a definite forecast for today"", ""The possibility of winter snow itself"", ""The statement that the sea influences Dokdo""]",1,A seasonal tendency does not determine one day’s weather; current data are needed.,"[""A seasonal tendency does not determine one day’s weather; current data are needed."", ""The account supports winter snow; that fact is not the error."", ""Maritime influence is supported by the account.""]","The region around Ulleungdo, including Dokdo, has a maritime climate with winter precipitation mainly as snow.","Climate describes long-term patterns; weather concerns a particular time. Winter precipitation in this region is mainly snow, not a guarantee of snow every day.",,"The climate account covers the Ulleungdo region including Dokdo, not live observations from Dokdo alone.",https://dokdo.mofa.go.kr/kor/introduce/nature.jsp
920229,910229,12,1,1,Which facility is at Dokdo An Yong-bok-gil 3?,"[""Dongdo guard facility"", ""Seodo residents’ accommodation"", ""Dongdo lighthouse""]",2,The address guide associates An Yong-bok-gil 3 with Seodo’s accommodation.,"[""The guard facility’s address is Dokdo Isabu-gil 55."", ""The address guide associates An Yong-bok-gil 3 with Seodo’s accommodation."", ""The lighthouse’s address is Dokdo Isabu-gil 63.""]",Dokdo An Yong-bok-gil 3 is Seodo’s accommodation; Dongdo’s guard facility and lighthouse use Dokdo Isabu-gil.,,,,https://www.mof.go.kr/doc/ko/selectDoc.do?bbsSeq=27&docSeq=20937&menuSeq=929
920230,910230,12,2,2,Which street name is shared by Dongdo’s guard facility and lighthouse?,"[""Dokdo An Yong-bok-gil"", ""Dokdo Usanbong-gil"", ""Dokdo Isabu-gil""]",3,Both addresses use Isabu-gil: 55 for the guard facility and 63 for the lighthouse.,"[""This street name is used for the accommodation on Seodo."", ""The supplied official facility addresses use Dokdo Isabu-gil."", ""Both addresses use Isabu-gil: 55 for the guard facility and 63 for the lighthouse.""]",Dokdo An Yong-bok-gil 3 is Seodo’s accommodation; Dongdo’s guard facility and lighthouse use Dokdo Isabu-gil.,,,,https://www.mof.go.kr/doc/ko/selectDoc.do?bbsSeq=27&docSeq=20937&menuSeq=929
920231,910231,12,3,3,Which facility corresponds to Dokdo Isabu-gil 63 in the address table?,"[""Dokdo Lighthouse on Dongdo"", ""Dokdo guard facility on Dongdo"", ""Seodo residents’ accommodation""]",1,The table pairs Isabu-gil 63 with the lighthouse.,"[""The table pairs Isabu-gil 63 with the lighthouse."", ""The guard facility uses the same street but number 55."", ""The accommodation has a different street and number: An Yong-bok-gil 3.""]",Dokdo An Yong-bok-gil 3 is Seodo’s accommodation; Dongdo’s guard facility and lighthouse use Dokdo Isabu-gil.,"Address table:
Isabu-gil 55 — Dongdo guard facility
Isabu-gil 63 — Dongdo lighthouse
An Yong-bok-gil 3 — Seodo accommodation",,,https://www.mof.go.kr/doc/ko/selectDoc.do?bbsSeq=27&docSeq=20937&menuSeq=929
920232,910232,12,4,3,Which addresses would be used for Seodo’s accommodation and then Dongdo’s lighthouse?,"[""Isabu-gil 55 → An Yong-bok-gil 3"", ""An Yong-bok-gil 3 → Isabu-gil 63"", ""Isabu-gil 63 → Isabu-gil 55""]",2,"This matches each destination’s island, street and number.","[""These identify the guard facility and accommodation, not the requested pair."", ""This matches each destination’s island, street and number."", ""Both are Dongdo facilities; the Seodo address is missing.""]",Dokdo An Yong-bok-gil 3 is Seodo’s accommodation; Dongdo’s guard facility and lighthouse use Dokdo Isabu-gil.,"Seodo accommodation — An Yong-bok-gil 3.
Dongdo guard facility — Isabu-gil 55.
Dongdo lighthouse — Isabu-gil 63.
Street numbers are not geographic coordinates or directions.",,,https://www.mof.go.kr/doc/ko/selectDoc.do?bbsSeq=27&docSeq=20937&menuSeq=929
920233,910233,12,1,1,Which area is identified as the ordinary Dokdo visitor viewing area?,"[""The whole summit of Seodo"", ""Inside the Dongdo guard facility"", ""Dongdo’s dock""]",3,The guidance describes ordinary visits to the Dongdo dock area.,"[""The guidance does not provide unrestricted access to Seodo’s summit."", ""The guard facility interior is not identified as an ordinary viewing area."", ""The guidance describes ordinary visits to the Dongdo dock area.""]",Ordinary visits focus on Dongdo’s dock; access to other areas requires checking separate guidance and permissions.,,,Access conditions can change; consult current guidance before an actual visit.,https://dokdo.mofa.go.kr/kor/introduce/residence.jsp
920234,910234,12,2,2,Does a ferry ticket allow entry everywhere on Dokdo?,"[""No. Check the permitted areas."", ""Yes. It allows entry to every area.""]",1,Boarding and area access are distinct; visitors must follow permitted limits.,"[""Boarding and area access are distinct; visitors must follow permitted limits."", ""Ordinary visits have designated limits and do not allow entry everywhere.""]",Ordinary visits focus on Dongdo’s dock; access to other areas requires checking separate guidance and permissions.,,,Access conditions can change; consult current guidance before an actual visit.,https://dokdo.mofa.go.kr/kor/introduce/residence.jsp
920235,910235,12,3,3,What should someone wishing to visit Seodo check first?,"[""Separate permission and conditions from the responsible authority"", ""Assume an ordinary Dongdo visit also authorises Seodo"", ""Assume another visitor’s old permission applies to you""]",1,Seodo access is distinguished from ordinary viewing at Dongdo’s dock.,"[""Seodo access is distinguished from ordinary viewing at Dongdo’s dock."", ""Ordinary viewing and access to another area need not share the same authorisation."", ""Another person’s past permission does not authorise your present visit.""]",Ordinary visits focus on Dongdo’s dock; access to other areas requires checking separate guidance and permissions.,Access distinction: ordinary visits concern Dongdo’s dock area. Seodo visits require checking separate permission from the responsible authority.,,Access conditions can change; consult current guidance before an actual visit.,https://dokdo.mofa.go.kr/kor/introduce/residence.jsp
920236,910236,12,4,4,Which promise in a Dokdo visitor notice must be corrected?,"[""Check the ordinary viewing area and landing conditions"", ""A ticket provides unrestricted entry to all facilities on both islands"", ""Warn that weather can restrict landing""]",2,A ticket does not remove access restrictions; permissions still apply.,"[""This is consistent with the guidance."", ""A ticket does not remove access restrictions; permissions still apply."", ""This accurately reflects a safety condition.""]",Ordinary visits focus on Dongdo’s dock; access to other areas requires checking separate guidance and permissions.,Review criteria: ordinary visits focus on Dongdo’s dock; weather or vessel conditions can restrict landing; other areas may require separate permissions.,,Access conditions can change; consult current guidance before an actual visit.,https://dokdo.mofa.go.kr/kor/introduce/residence.jsp
920237,910237,12,1,1,Which pair names both main islands of Dokdo?,"[""Ulleungdo and Jukdo"", ""Dongdo and Oki"", ""Dongdo and Seodo""]",3,The two main islands and associated islets form Dokdo.,"[""These are not the names of Dokdo’s two main islands."", ""Seodo, not Oki, is the other main island."", ""The two main islands and associated islets form Dokdo.""]","Dokdo is a volcanic island group of Dongdo, Seodo and associated islets, with both natural and historical significance.",,,,https://dokdo.mofa.go.kr/kor/introduce/location.jsp | https://www.dokdo.re.kr/home/cms/cmsCont.do?cntnts_sn=66 | https://dokdo.mofa.go.kr/kor/introduce/facility.jsp | https://dokdo.mofa.go.kr/kor/pds/part02_view02.jsp
920238,910238,12,2,2,Which pair gives the higher main island and then the island with the lighthouse?,"[""Seodo → Dongdo"", ""Dongdo → Seodo"", ""Seodo → Seodo""]",1,Seodo is higher; the lighthouse is on Dongdo.,"[""Seodo is higher; the lighthouse is on Dongdo."", ""Both the height comparison and lighthouse location are reversed."", ""The higher island is correct, but the lighthouse is on Dongdo.""]","Dokdo is a volcanic island group of Dongdo, Seodo and associated islets, with both natural and historical significance.",,,,https://dokdo.mofa.go.kr/kor/introduce/location.jsp | https://www.dokdo.re.kr/home/cms/cmsCont.do?cntnts_sn=66 | https://dokdo.mofa.go.kr/kor/introduce/facility.jsp | https://dokdo.mofa.go.kr/kor/pds/part02_view02.jsp
920239,910239,12,3,3,Which pairing correctly combines the supplied Dokdo measurements and facilities?,"[""Seodo 98.6 m and lighthouse / Dongdo 168.5 m and accommodation"", ""Seodo 168.5 m and accommodation / Dongdo 98.6 m and lighthouse"", ""Seodo 168.5 m and lighthouse / Dongdo 98.6 m and accommodation""]",2,Both elevation and facility match each island’s card.,"[""The elevations and facilities have been swapped."", ""Both elevation and facility match each island’s card."", ""The elevations are correct, but the facilities are reversed.""]","Dokdo is a volcanic island group of Dongdo, Seodo and associated islets, with both natural and historical significance.","Information cards:
Seodo — maximum elevation 168.5 m, residents’ accommodation.
Dongdo — maximum elevation 98.6 m, lighthouse and main dock.",,,https://dokdo.mofa.go.kr/kor/introduce/location.jsp | https://www.dokdo.re.kr/home/cms/cmsCont.do?cntnts_sn=66 | https://dokdo.mofa.go.kr/kor/introduce/facility.jsp | https://dokdo.mofa.go.kr/kor/pds/part02_view02.jsp
920240,910240,12,4,3,Which statement is factually suitable for an introduction to Dokdo?,"[""It is only Dongdo and formed from river-mouth sand"", ""It has two main islands, both formed entirely by coral growth"", ""It has two main islands and associated islets and formed through submarine volcanism""]",3,Both the composition and origin match the sources.,"[""This omits Seodo and islets and substitutes a depositional origin for volcanism."", ""The two-island composition is right, but Dokdo is volcanic rather than coral-built."", ""Both the composition and origin match the sources.""]","Dokdo is a volcanic island group of Dongdo, Seodo and associated islets, with both natural and historical significance.","Basic information: Dokdo consists of Dongdo, Seodo and small surrounding rocky islets. Submarine volcanism built a structure partly exposed above the sea.",,,https://dokdo.mofa.go.kr/kor/introduce/location.jsp | https://www.dokdo.re.kr/home/cms/cmsCont.do?cntnts_sn=66 | https://dokdo.mofa.go.kr/kor/introduce/facility.jsp | https://dokdo.mofa.go.kr/kor/pds/part02_view02.jsp
